model,feature_set,calibration,selection,accuracy,balanced_accuracy,precision,recall,specificity,F1,roc_auc,pr_auc,brier,log_loss,ece,TP,TN,FP,FN,threshold,rows,positive_count,positive_prevalence
catboost_native_balanced,full_features,isotonic,grid,0.3119077239705724,0.6199684813698433,0.1047586648523173,0.9879222494810341,0.2520147132586524,0.18943026180094444,0.8421811612725068,0.3273574794029527,0.06311595698365467,0.22074633630396498,0.0073151440033896765,5235,15073,44737,64,0.01,65109,5299,0.08138659785897495
catboost_native_balanced,full_features,isotonic,grid,0.45228770216099157,0.6872613609827358,0.12626784835056623,0.967918475183997,0.40660424678147467,0.22339336658028267,0.8421811612725068,0.3273574794029527,0.06311595698365467,0.22074633630396498,0.0073151440033896765,5129,24319,35491,170,0.02,65109,5299,0.08138659785897495
catboost_native_balanced,full_features,isotonic,grid,0.5532875639312538,0.7280458383042812,0.14723853591979594,0.9367805246272881,0.5193111519812741,0.254479276138723,0.8421811612725068,0.3273574794029527,0.06311595698365467,0.22074633630396498,0.0073151440033896765,4964,31060,28750,335,0.03,65109,5299,0.08138659785897495
catboost_native_balanced,full_features,isotonic,grid,0.6372390913698567,0.7522411332180134,0.16988611791840855,0.8896018116625778,0.6148804547734492,0.28529064665476445,0.8421811612725068,0.3273574794029527,0.06311595698365467,0.22074633630396498,0.0073151440033896765,4714,36776,23034,585,0.04,65109,5299,0.08138659785897495
catboost_native_balanced,full_features,isotonic,grid,0.641048088589903,0.7531963960606335,0.1711072286525442,0.8871485185884129,0.619244273532854,0.28688249473652094,0.8421811612725068,0.3273574794029527,0.06311595698365467,0.22074633630396498,0.0073151440033896765,4701,37037,22773,598,0.05,65109,5299,0.08138659785897495
catboost_native_balanced,full_features,isotonic,grid,0.6562533597505721,0.7575167135382697,0.17637920581994543,0.8784676354029062,0.6365657916736331,0.29377425767568077,0.8421811612725068,0.3273574794029527,0.06311595698365467,0.22074633630396498,0.0073151440033896765,4655,38073,21737,644,0.060000000000000005,65109,5299,0.08138659785897495
catboost_native_balanced,full_features,isotonic,grid,0.6927460105361778,0.7636199935387014,0.18969446320054018,0.8482732591054916,0.678966727971911,0.31005345749267116,0.8421811612725068,0.3273574794029527,0.06311595698365467,0.22074633630396498,0.0073151440033896765,4495,40609,19201,804,0.06999999999999999,65109,5299,0.08138659785897495
catboost_native_balanced,full_features,isotonic,grid,0.6963860602988834,0.7634513270762207,0.1909521978726131,0.8435553878090206,0.6833472663434208,0.3114114532534485,0.8421811612725068,0.3273574794029527,0.06311595698365467,0.22074633630396498,0.0073151440033896765,4470,40871,18939,829,0.08,65109,5299,0.08138659785897495
catboost_native_balanced,full_features,isotonic,grid,0.7545961387826567,0.7635738655203641,0.21726237754831876,0.7742970371768259,0.7528506938639024,0.3393152497519021,0.8421811612725068,0.3273574794029527,0.06311595698365467,0.22074633630396498,0.0073151440033896765,4103,45028,14782,1196,0.09,65109,5299,0.08138659785897495
catboost_native_balanced,full_features,isotonic,grid,0.756562072831713,0.7637839444963148,0.2184447883866147,0.7724098886582375,0.7551580003343923,0.3405724746214012,0.8421811612725068,0.3273574794029527,0.06311595698365467,0.22074633630396498,0.0073151440033896765,4093,45166,14644,1206,0.09999999999999999,65109,5299,0.08138659785897495
catboost_native_balanced,full_features,isotonic,grid,0.7603096346127264,0.7626418252376786,0.22020739453824856,0.7654274391394603,0.759856211335897,0.34201871995952443,0.8421811612725068,0.3273574794029527,0.06311595698365467,0.22074633630396498,0.0073151440033896765,4056,45447,14363,1243,0.11,65109,5299,0.08138659785897495
catboost_native_balanced,full_features,isotonic,grid,0.7854367291772258,0.7573989915666453,0.2347182279875176,0.7239101717305152,0.7908878114027754,0.35449588762591255,0.8421811612725068,0.3273574794029527,0.06311595698365467,0.22074633630396498,0.0073151440033896765,3836,47303,12507,1463,0.12,65109,5299,0.08138659785897495
catboost_native_balanced,full_features,isotonic,grid,0.7966640556605078,0.7556842263822227,0.2427090084251458,0.7067371202113606,0.8046313325530847,0.36132953832794634,0.8421811612725068,0.3273574794029527,0.06311595698365467,0.22074633630396498,0.0073151440033896765,3745,48125,11685,1554,0.13,65109,5299,0.08138659785897495
catboost_native_balanced,full_features,isotonic,grid,0.8021778863137201,0.7546435086208547,0.24691193162849703,0.6978675221739951,0.8114194950677144,0.3647662260800947,0.8421811612725068,0.3273574794029527,0.06311595698365467,0.22074633630396498,0.0073151440033896765,3698,48531,11279,1601,0.14,65109,5299,0.08138659785897495
catboost_native_balanced,full_features,isotonic,grid,0.8205317237248306,0.7455420052409153,0.2606087869245764,0.6559728250613324,0.8351111854204982,0.3730214090250577,0.8421811612725068,0.3273574794029527,0.06311595698365467,0.22074633630396498,0.0073151440033896765,3476,49948,9862,1823,0.15000000000000002,65109,5299,0.08138659785897495
catboost_native_balanced,full_features,isotonic,grid,0.8205317237248306,0.7455420052409153,0.2606087869245764,0.6559728250613324,0.8351111854204982,0.3730214090250577,0.8421811612725068,0.3273574794029527,0.06311595698365467,0.22074633630396498,0.0073151440033896765,3476,49948,9862,1823,0.16,65109,5299,0.08138659785897495
catboost_native_balanced,full_features,isotonic,grid,0.8498057104240582,0.7276787309653494,0.28959233514935184,0.5818078882808077,0.8735495736498913,0.38670429601756034,0.8421811612725068,0.3273574794029527,0.06311595698365467,0.22074633630396498,0.0073151440033896765,3083,52247,7563,2216,0.17,65109,5299,0.08138659785897495
catboost_native_balanced,full_features,isotonic,grid,0.8498057104240582,0.7276787309653494,0.28959233514935184,0.5818078882808077,0.8735495736498913,0.38670429601756034,0.8421811612725068,0.3273574794029527,0.06311595698365467,0.22074633630396498,0.0073151440033896765,3083,52247,7563,2216,0.18000000000000002,65109,5299,0.08138659785897495
catboost_native_balanced,full_features,isotonic,grid,0.8500514521801902,0.727296502142928,0.2897909210774157,0.5806755991696546,0.8739174051162013,0.3866306464786078,0.8421811612725068,0.3273574794029527,0.06311595698365467,0.22074633630396498,0.0073151440033896765,3077,52269,7541,2222,0.19,65109,5299,0.08138659785897495
catboost_native_balanced,full_features,isotonic,grid,0.8500514521801902,0.727296502142928,0.2897909210774157,0.5806755991696546,0.8739174051162013,0.3866306464786078,0.8421811612725068,0.3273574794029527,0.06311595698365467,0.22074633630396498,0.0073151440033896765,3077,52269,7541,2222,0.2,65109,5299,0.08138659785897495
catboost_native_balanced,full_features,isotonic,grid,0.8500514521801902,0.727296502142928,0.2897909210774157,0.5806755991696546,0.8739174051162013,0.3866306464786078,0.8421811612725068,0.3273574794029527,0.06311595698365467,0.22074633630396498,0.0073151440033896765,3077,52269,7541,2222,0.21000000000000002,65109,5299,0.08138659785897495
catboost_native_balanced,full_features,isotonic,grid,0.8686356724876745,0.7059367385914994,0.3124711848778239,0.5116059633893187,0.90026751379368,0.3879785330948122,0.8421811612725068,0.3273574794029527,0.06311595698365467,0.22074633630396498,0.0073151440033896765,2711,53845,5965,2588,0.22,65109,5299,0.08138659785897495
catboost_native_balanced,full_features,isotonic,grid,0.8687739022254988,0.7059259792260949,0.3127524523946913,0.5114172485374598,0.90043470991473,0.38814093382984816,0.8421811612725068,0.3273574794029527,0.06311595698365467,0.22074633630396498,0.0073151440033896765,2710,53855,5955,2589,0.23,65109,5299,0.08138659785897495
catboost_native_balanced,full_features,isotonic,grid,0.873550507610315,0.6998401193008532,0.3200441609421001,0.49235704849971695,0.9073231901019896,0.3879265482120288,0.8421811612725068,0.3273574794029527,0.06311595698365467,0.22074633630396498,0.0073151440033896765,2609,54267,5543,2690,0.24000000000000002,65109,5299,0.08138659785897495
catboost_native_balanced,full_features,isotonic,grid,0.873550507610315,0.6998401193008532,0.3200441609421001,0.49235704849971695,0.9073231901019896,0.3879265482120288,0.8421811612725068,0.3273574794029527,0.06311595698365467,0.22074633630396498,0.0073151440033896765,2609,54267,5543,2690,0.25,65109,5299,0.08138659785897495
catboost_native_balanced,full_features,isotonic,grid,0.8937320493326576,0.6631822230420235,0.3586387434554974,0.38780902056991884,0.9385554255141281,0.37265391241273005,0.8421811612725068,0.3273574794029527,0.06311595698365467,0.22074633630396498,0.0073151440033896765,2055,56135,3675,3244,0.26,65109,5299,0.08138659785897495
catboost_native_balanced,full_features,isotonic,grid,0.8943617625827459,0.6624930036516529,0.36063548102383053,0.38554444234761276,0.939441564955693,0.3726742064939803,0.8421811612725068,0.3273574794029527,0.06311595698365467,0.22074633630396498,0.0073151440033896765,2043,56188,3622,3256,0.27,65109,5299,0.08138659785897495
catboost_native_balanced,full_features,isotonic,grid,0.8944999923205701,0.6621382538067407,0.3609635139922069,0.38460086808831856,0.939675639525163,0.37240749200548195,0.8421811612725068,0.3273574794029527,0.06311595698365467,0.22074633630396498,0.0073151440033896765,2038,56202,3608,3261,0.28,65109,5299,0.08138659785897495
catboost_native_balanced,full_features,isotonic,grid,0.9013039671934756,0.6445142381585217,0.3802846823879329,0.3377995848273259,0.9512288914897175,0.35778532880271835,0.8421811612725068,0.3273574794029527,0.06311595698365467,0.22074633630396498,0.0073151440033896765,1790,56893,2917,3509,0.29000000000000004,65109,5299,0.08138659785897495
catboost_native_balanced,full_features,isotonic,grid,0.9016418621081571,0.6441821681724151,0.3817676011127755,0.3366672957161729,0.9516970406286575,0.3578018451664661,0.8421811612725068,0.3273574794029527,0.06311595698365467,0.22074633630396498,0.0073151440033896765,1784,56921,2889,3515,0.3,65109,5299,0.08138659785897495
catboost_native_balanced,full_features,isotonic,grid,0.9016572209679153,0.6441905279784677,0.3818493150684932,0.3366672957161729,0.9517137602407624,0.3578377294153044,0.8421811612725068,0.3273574794029527,0.06311595698365467,0.22074633630396498,0.0073151440033896765,1784,56922,2888,3515,0.31,65109,5299,0.08138659785897495
catboost_native_balanced,full_features,isotonic,grid,0.9016572209679153,0.6441905279784677,0.3818493150684932,0.3366672957161729,0.9517137602407624,0.3578377294153044,0.8421811612725068,0.3273574794029527,0.06311595698365467,0.22074633630396498,0.0073151440033896765,1784,56922,2888,3515,0.32,65109,5299,0.08138659785897495
catboost_native_balanced,full_features,isotonic,grid,0.9073707167979849,0.6277789161179363,0.4048361934477379,0.29382902434421587,0.9617288078916569,0.34051394204483326,0.8421811612725068,0.3273574794029527,0.06311595698365467,0.22074633630396498,0.0073151440033896765,1557,57521,2289,3742,0.33,65109,5299,0.08138659785897495
catboost_native_balanced,full_features,isotonic,grid,0.9073707167979849,0.6277789161179363,0.4048361934477379,0.29382902434421587,0.9617288078916569,0.34051394204483326,0.8421811612725068,0.3273574794029527,0.06311595698365467,0.22074633630396498,0.0073151440033896765,1557,57521,2289,3742,0.34,65109,5299,0.08138659785897495
catboost_native_balanced,full_features,isotonic,grid,0.9073707167979849,0.6277789161179363,0.4048361934477379,0.29382902434421587,0.9617288078916569,0.34051394204483326,0.8421811612725068,0.3273574794029527,0.06311595698365467,0.22074633630396498,0.0073151440033896765,1557,57521,2289,3742,0.35000000000000003,65109,5299,0.08138659785897495
catboost_native_balanced,full_features,isotonic,grid,0.9073707167979849,0.6277789161179363,0.4048361934477379,0.29382902434421587,0.9617288078916569,0.34051394204483326,0.8421811612725068,0.3273574794029527,0.06311595698365467,0.22074633630396498,0.0073151440033896765,1557,57521,2289,3742,0.36000000000000004,65109,5299,0.08138659785897495
catboost_native_balanced,full_features,isotonic,grid,0.916048472561397,0.585203515605292,0.46171480972031176,0.19003585582185317,0.980371175388731,0.2692513368983957,0.8421811612725068,0.3273574794029527,0.06311595698365467,0.22074633630396498,0.0073151440033896765,1007,58636,1174,4292,0.37,65109,5299,0.08138659785897495
catboost_native_balanced,full_features,isotonic,grid,0.916048472561397,0.585203515605292,0.46171480972031176,0.19003585582185317,0.980371175388731,0.2692513368983957,0.8421811612725068,0.3273574794029527,0.06311595698365467,0.22074633630396498,0.0073151440033896765,1007,58636,1174,4292,0.38,65109,5299,0.08138659785897495
catboost_native_balanced,full_features,isotonic,grid,0.9160638314211553,0.5852118754113446,0.46192660550458714,0.19003585582185317,0.980387895000836,0.2692873378793956,0.8421811612725068,0.3273574794029527,0.06311595698365467,0.22074633630396498,0.0073151440033896765,1007,58637,1173,4292,0.39,65109,5299,0.08138659785897495
catboost_native_balanced,full_features,isotonic,grid,0.9160791902809136,0.5852202352173971,0.46213859568609456,0.19003585582185317,0.9804046146129409,0.26932334848890077,0.8421811612725068,0.3273574794029527,0.06311595698365467,0.22074633630396498,0.0073151440033896765,1007,58638,1172,4292,0.4,65109,5299,0.08138659785897495
catboost_native_balanced,full_features,isotonic,grid,0.9160791902809136,0.5852202352173971,0.46213859568609456,0.19003585582185317,0.9804046146129409,0.26932334848890077,0.8421811612725068,0.3273574794029527,0.06311595698365467,0.22074633630396498,0.0073151440033896765,1007,58638,1172,4292,0.41000000000000003,65109,5299,0.08138659785897495
catboost_native_balanced,full_features,isotonic,grid,0.9171082338847164,0.5729666968612533,0.4729878721058434,0.16191734289488582,0.9840160508276208,0.24124841838886546,0.8421811612725068,0.3273574794029527,0.06311595698365467,0.22074633630396498,0.0073151440033896765,858,58854,956,4441,0.42000000000000004,65109,5299,0.08138659785897495
catboost_native_balanced,full_features,isotonic,grid,0.9171235927444746,0.5729750566673059,0.4732487589630447,0.16191734289488582,0.9840327704397258,0.24128233970753657,0.8421811612725068,0.3273574794029527,0.06311595698365467,0.22074633630396498,0.0073151440033896765,858,58855,955,4441,0.43,65109,5299,0.08138659785897495
catboost_native_balanced,full_features,isotonic,grid,0.9177840237140795,0.5660247306380249,0.483125,0.14587658048688432,0.9861728807891657,0.2240904478909987,0.8421811612725068,0.3273574794029527,0.06311595698365467,0.22074633630396498,0.0073151440033896765,773,58983,827,4526,0.44,65109,5299,0.08138659785897495
catboost_native_balanced,full_features,isotonic,grid,0.9190280913544978,0.5533722438473547,0.511166253101737,0.11662577844876391,0.9901187092459455,0.189920098340504,0.8421811612725068,0.3273574794029527,0.06311595698365467,0.22074633630396498,0.0073151440033896765,618,59219,591,4681,0.45,65109,5299,0.08138659785897495
catboost_native_balanced,full_features,isotonic,grid,0.9190280913544978,0.5533722438473547,0.511166253101737,0.11662577844876391,0.9901187092459455,0.189920098340504,0.8421811612725068,0.3273574794029527,0.06311595698365467,0.22074633630396498,0.0073151440033896765,618,59219,591,4681,0.46,65109,5299,0.08138659785897495
catboost_native_balanced,full_features,isotonic,grid,0.9190280913544978,0.5533722438473547,0.511166253101737,0.11662577844876391,0.9901187092459455,0.189920098340504,0.8421811612725068,0.3273574794029527,0.06311595698365467,0.22074633630396498,0.0073151440033896765,618,59219,591,4681,0.47000000000000003,65109,5299,0.08138659785897495
catboost_native_balanced,full_features,isotonic,grid,0.9190280913544978,0.5533722438473547,0.511166253101737,0.11662577844876391,0.9901187092459455,0.189920098340504,0.8421811612725068,0.3273574794029527,0.06311595698365467,0.22074633630396498,0.0073151440033896765,618,59219,591,4681,0.48000000000000004,65109,5299,0.08138659785897495
catboost_native_balanced,full_features,isotonic,grid,0.9199649817997512,0.5396925847368652,0.5537897310513448,0.0854878278920551,0.9938973415816753,0.14811181951937225,0.8421811612725068,0.3273574794029527,0.06311595698365467,0.22074633630396498,0.0073151440033896765,453,59445,365,4846,0.49,65109,5299,0.08138659785897495
catboost_native_balanced,full_features,isotonic,grid,0.9199649817997512,0.5396925847368652,0.5537897310513448,0.0854878278920551,0.9938973415816753,0.14811181951937225,0.8421811612725068,0.3273574794029527,0.06311595698365467,0.22074633630396498,0.0073151440033896765,453,59445,365,4846,0.5,65109,5299,0.08138659785897495
catboost_native_balanced,full_features,isotonic,grid,0.9204564653120152,0.5320483175018684,0.5996677740863787,0.06812606152104171,0.9959705734826952,0.12235214370445688,0.8421811612725068,0.3273574794029527,0.06311595698365467,0.22074633630396498,0.0073151440033896765,361,59569,241,4938,0.51,65109,5299,0.08138659785897495
catboost_native_balanced,full_features,isotonic,grid,0.9204564653120152,0.5320483175018684,0.5996677740863787,0.06812606152104171,0.9959705734826952,0.12235214370445688,0.8421811612725068,0.3273574794029527,0.06311595698365467,0.22074633630396498,0.0073151440033896765,361,59569,241,4938,0.52,65109,5299,0.08138659785897495
catboost_native_balanced,full_features,isotonic,grid,0.9204564653120152,0.5320483175018684,0.5996677740863787,0.06812606152104171,0.9959705734826952,0.12235214370445688,0.8421811612725068,0.3273574794029527,0.06311595698365467,0.22074633630396498,0.0073151440033896765,361,59569,241,4938,0.53,65109,5299,0.08138659785897495
catboost_native_balanced,full_features,isotonic,grid,0.9204564653120152,0.5320483175018684,0.5996677740863787,0.06812606152104171,0.9959705734826952,0.12235214370445688,0.8421811612725068,0.3273574794029527,0.06311595698365467,0.22074633630396498,0.0073151440033896765,361,59569,241,4938,0.54,65109,5299,0.08138659785897495
catboost_native_balanced,full_features,isotonic,grid,0.9204564653120152,0.5320483175018684,0.5996677740863787,0.06812606152104171,0.9959705734826952,0.12235214370445688,0.8421811612725068,0.3273574794029527,0.06311595698365467,0.22074633630396498,0.0073151440033896765,361,59569,241,4938,0.55,65109,5299,0.08138659785897495
catboost_native_balanced,full_features,isotonic,grid,0.9204718241717735,0.5320566773079209,0.6006655574043261,0.06812606152104171,0.9959872930948002,0.1223728813559322,0.8421811612725068,0.3273574794029527,0.06311595698365467,0.22074633630396498,0.0073151440033896765,361,59570,240,4938,0.56,65109,5299,0.08138659785897495
catboost_native_balanced,full_features,isotonic,grid,0.920195364696125,0.5208125078348531,0.6426592797783933,0.043781845631251176,0.9978431700384551,0.08197879858657244,0.8421811612725068,0.3273574794029527,0.06311595698365467,0.22074633630396498,0.0073151440033896765,232,59681,129,5067,0.5700000000000001,65109,5299,0.08138659785897495
catboost_native_balanced,full_features,isotonic,grid,0.9195656514460366,0.5102360390213471,0.6890243902439024,0.021324778260049065,0.999147299782645,0.04136921105619623,0.8421811612725068,0.3273574794029527,0.06311595698365467,0.22074633630396498,0.0073151440033896765,113,59759,51,5186,0.5800000000000001,65109,5299,0.08138659785897495
catboost_native_balanced,full_features,isotonic,grid,0.9195656514460366,0.5102360390213471,0.6890243902439024,0.021324778260049065,0.999147299782645,0.04136921105619623,0.8421811612725068,0.3273574794029527,0.06311595698365467,0.22074633630396498,0.0073151440033896765,113,59759,51,5186,0.59,65109,5299,0.08138659785897495
catboost_native_balanced,full_features,isotonic,grid,0.9195656514460366,0.5102360390213471,0.6890243902439024,0.021324778260049065,0.999147299782645,0.04136921105619623,0.8421811612725068,0.3273574794029527,0.06311595698365467,0.22074633630396498,0.0073151440033896765,113,59759,51,5186,0.6,65109,5299,0.08138659785897495
catboost_native_balanced,full_features,isotonic,grid,0.9195656514460366,0.5102360390213471,0.6890243902439024,0.021324778260049065,0.999147299782645,0.04136921105619623,0.8421811612725068,0.3273574794029527,0.06311595698365467,0.22074633630396498,0.0073151440033896765,113,59759,51,5186,0.61,65109,5299,0.08138659785897495
catboost_native_balanced,full_features,isotonic,grid,0.9195656514460366,0.5102360390213471,0.6890243902439024,0.021324778260049065,0.999147299782645,0.04136921105619623,0.8421811612725068,0.3273574794029527,0.06311595698365467,0.22074633630396498,0.0073151440033896765,113,59759,51,5186,0.62,65109,5299,0.08138659785897495
catboost_native_balanced,full_features,isotonic,grid,0.9195656514460366,0.5102360390213471,0.6890243902439024,0.021324778260049065,0.999147299782645,0.04136921105619623,0.8421811612725068,0.3273574794029527,0.06311595698365467,0.22074633630396498,0.0073151440033896765,113,59759,51,5186,0.63,65109,5299,0.08138659785897495
catboost_native_balanced,full_features,isotonic,grid,0.9195656514460366,0.5102360390213471,0.6890243902439024,0.021324778260049065,0.999147299782645,0.04136921105619623,0.8421811612725068,0.3273574794029527,0.06311595698365467,0.22074633630396498,0.0073151440033896765,113,59759,51,5186,0.64,65109,5299,0.08138659785897495
catboost_native_balanced,full_features,isotonic,grid,0.9195656514460366,0.5102360390213471,0.6890243902439024,0.021324778260049065,0.999147299782645,0.04136921105619623,0.8421811612725068,0.3273574794029527,0.06311595698365467,0.22074633630396498,0.0073151440033896765,113,59759,51,5186,0.65,65109,5299,0.08138659785897495
catboost_native_balanced,full_features,isotonic,grid,0.9195656514460366,0.5102360390213471,0.6890243902439024,0.021324778260049065,0.999147299782645,0.04136921105619623,0.8421811612725068,0.3273574794029527,0.06311595698365467,0.22074633630396498,0.0073151440033896765,113,59759,51,5186,0.66,65109,5299,0.08138659785897495
catboost_native_balanced,full_features,isotonic,grid,0.9193199096899046,0.5060603939902918,0.7674418604651163,0.012455180222683526,0.9996656077579,0.024512534818941504,0.8421811612725068,0.3273574794029527,0.06311595698365467,0.22074633630396498,0.0073151440033896765,66,59790,20,5233,0.67,65109,5299,0.08138659785897495
catboost_native_balanced,full_features,isotonic,grid,0.9193352685496629,0.5060687537963443,0.7764705882352941,0.012455180222683526,0.9996823273700051,0.02451708766716196,0.8421811612725068,0.3273574794029527,0.06311595698365467,0.22074633630396498,0.0073151440033896765,66,59791,19,5233,0.68,65109,5299,0.08138659785897495
catboost_native_balanced,full_features,isotonic,grid,0.9193352685496629,0.5060687537963443,0.7764705882352941,0.012455180222683526,0.9996823273700051,0.02451708766716196,0.8421811612725068,0.3273574794029527,0.06311595698365467,0.22074633630396498,0.0073151440033896765,66,59791,19,5233,0.6900000000000001,65109,5299,0.08138659785897495
catboost_native_balanced,full_features,isotonic,grid,0.9193352685496629,0.5060687537963443,0.7764705882352941,0.012455180222683526,0.9996823273700051,0.02451708766716196,0.8421811612725068,0.3273574794029527,0.06311595698365467,0.22074633630396498,0.0073151440033896765,66,59791,19,5233,0.7000000000000001,65109,5299,0.08138659785897495
catboost_native_balanced,full_features,isotonic,grid,0.9193352685496629,0.5060687537963443,0.7764705882352941,0.012455180222683526,0.9996823273700051,0.02451708766716196,0.8421811612725068,0.3273574794029527,0.06311595698365467,0.22074633630396498,0.0073151440033896765,66,59791,19,5233,0.7100000000000001,65109,5299,0.08138659785897495
catboost_native_balanced,full_features,isotonic,grid,0.9193352685496629,0.5060687537963443,0.7764705882352941,0.012455180222683526,0.9996823273700051,0.02451708766716196,0.8421811612725068,0.3273574794029527,0.06311595698365467,0.22074633630396498,0.0073151440033896765,66,59791,19,5233,0.72,65109,5299,0.08138659785897495
catboost_native_balanced,full_features,isotonic,grid,0.9193352685496629,0.5060687537963443,0.7764705882352941,0.012455180222683526,0.9996823273700051,0.02451708766716196,0.8421811612725068,0.3273574794029527,0.06311595698365467,0.22074633630396498,0.0073151440033896765,66,59791,19,5233,0.73,65109,5299,0.08138659785897495
catboost_native_balanced,full_features,isotonic,grid,0.9193352685496629,0.5060687537963443,0.7764705882352941,0.012455180222683526,0.9996823273700051,0.02451708766716196,0.8421811612725068,0.3273574794029527,0.06311595698365467,0.22074633630396498,0.0073151440033896765,66,59791,19,5233,0.74,65109,5299,0.08138659785897495
catboost_native_balanced,full_features,isotonic,grid,0.9193352685496629,0.5060687537963443,0.7764705882352941,0.012455180222683526,0.9996823273700051,0.02451708766716196,0.8421811612725068,0.3273574794029527,0.06311595698365467,0.22074633630396498,0.0073151440033896765,66,59791,19,5233,0.75,65109,5299,0.08138659785897495
catboost_native_balanced,full_features,isotonic,grid,0.9192584742508716,0.5049089857076818,0.828125,0.010001887148518589,0.999816084266845,0.019765056871154204,0.8421811612725068,0.3273574794029527,0.06311595698365467,0.22074633630396498,0.0073151440033896765,53,59799,11,5246,0.76,65109,5299,0.08138659785897495
catboost_native_balanced,full_features,isotonic,grid,0.9192584742508716,0.5049089857076818,0.828125,0.010001887148518589,0.999816084266845,0.019765056871154204,0.8421811612725068,0.3273574794029527,0.06311595698365467,0.22074633630396498,0.0073151440033896765,53,59799,11,5246,0.77,65109,5299,0.08138659785897495
catboost_native_balanced,full_features,isotonic,grid,0.9191816799520803,0.5042652033382808,0.8363636363636363,0.008680883185506699,0.999849523491055,0.017183414269704895,0.8421811612725068,0.3273574794029527,0.06311595698365467,0.22074633630396498,0.0073151440033896765,46,59801,9,5253,0.78,65109,5299,0.08138659785897495
catboost_native_balanced,full_features,isotonic,grid,0.9187362730190911,0.5007548594074354,1.0,0.0015097188148707303,1.0,0.003014885999623139,0.8421811612725068,0.3273574794029527,0.06311595698365467,0.22074633630396498,0.0073151440033896765,8,59810,0,5291,0.79,65109,5299,0.08138659785897495
catboost_native_balanced,full_features,isotonic,grid,0.9187362730190911,0.5007548594074354,1.0,0.0015097188148707303,1.0,0.003014885999623139,0.8421811612725068,0.3273574794029527,0.06311595698365467,0.22074633630396498,0.0073151440033896765,8,59810,0,5291,0.8,65109,5299,0.08138659785897495
catboost_native_balanced,full_features,isotonic,grid,0.9187362730190911,0.5007548594074354,1.0,0.0015097188148707303,1.0,0.003014885999623139,0.8421811612725068,0.3273574794029527,0.06311595698365467,0.22074633630396498,0.0073151440033896765,8,59810,0,5291,0.81,65109,5299,0.08138659785897495
catboost_native_balanced,full_features,isotonic,grid,0.9187362730190911,0.5007548594074354,1.0,0.0015097188148707303,1.0,0.003014885999623139,0.8421811612725068,0.3273574794029527,0.06311595698365467,0.22074633630396498,0.0073151440033896765,8,59810,0,5291,0.8200000000000001,65109,5299,0.08138659785897495
catboost_native_balanced,full_features,isotonic,grid,0.9187362730190911,0.5007548594074354,1.0,0.0015097188148707303,1.0,0.003014885999623139,0.8421811612725068,0.3273574794029527,0.06311595698365467,0.22074633630396498,0.0073151440033896765,8,59810,0,5291,0.8300000000000001,65109,5299,0.08138659785897495
catboost_native_balanced,full_features,isotonic,grid,0.9187362730190911,0.5007548594074354,1.0,0.0015097188148707303,1.0,0.003014885999623139,0.8421811612725068,0.3273574794029527,0.06311595698365467,0.22074633630396498,0.0073151440033896765,8,59810,0,5291,0.8400000000000001,65109,5299,0.08138659785897495
catboost_native_balanced,full_features,isotonic,grid,0.9187362730190911,0.5007548594074354,1.0,0.0015097188148707303,1.0,0.003014885999623139,0.8421811612725068,0.3273574794029527,0.06311595698365467,0.22074633630396498,0.0073151440033896765,8,59810,0,5291,0.85,65109,5299,0.08138659785897495
catboost_native_balanced,full_features,isotonic,grid,0.9187362730190911,0.5007548594074354,1.0,0.0015097188148707303,1.0,0.003014885999623139,0.8421811612725068,0.3273574794029527,0.06311595698365467,0.22074633630396498,0.0073151440033896765,8,59810,0,5291,0.86,65109,5299,0.08138659785897495
catboost_native_balanced,full_features,isotonic,grid,0.9187362730190911,0.5007548594074354,1.0,0.0015097188148707303,1.0,0.003014885999623139,0.8421811612725068,0.3273574794029527,0.06311595698365467,0.22074633630396498,0.0073151440033896765,8,59810,0,5291,0.87,65109,5299,0.08138659785897495
catboost_native_balanced,full_features,isotonic,grid,0.9187362730190911,0.5007548594074354,1.0,0.0015097188148707303,1.0,0.003014885999623139,0.8421811612725068,0.3273574794029527,0.06311595698365467,0.22074633630396498,0.0073151440033896765,8,59810,0,5291,0.88,65109,5299,0.08138659785897495
catboost_native_balanced,full_features,isotonic,grid,0.9187362730190911,0.5007548594074354,1.0,0.0015097188148707303,1.0,0.003014885999623139,0.8421811612725068,0.3273574794029527,0.06311595698365467,0.22074633630396498,0.0073151440033896765,8,59810,0,5291,0.89,65109,5299,0.08138659785897495
catboost_native_balanced,full_features,isotonic,grid,0.9187362730190911,0.5007548594074354,1.0,0.0015097188148707303,1.0,0.003014885999623139,0.8421811612725068,0.3273574794029527,0.06311595698365467,0.22074633630396498,0.0073151440033896765,8,59810,0,5291,0.9,65109,5299,0.08138659785897495
catboost_native_balanced,full_features,isotonic,grid,0.9187362730190911,0.5007548594074354,1.0,0.0015097188148707303,1.0,0.003014885999623139,0.8421811612725068,0.3273574794029527,0.06311595698365467,0.22074633630396498,0.0073151440033896765,8,59810,0,5291,0.91,65109,5299,0.08138659785897495
catboost_native_balanced,full_features,isotonic,grid,0.9187362730190911,0.5007548594074354,1.0,0.0015097188148707303,1.0,0.003014885999623139,0.8421811612725068,0.3273574794029527,0.06311595698365467,0.22074633630396498,0.0073151440033896765,8,59810,0,5291,0.92,65109,5299,0.08138659785897495
catboost_native_balanced,full_features,isotonic,grid,0.9187362730190911,0.5007548594074354,1.0,0.0015097188148707303,1.0,0.003014885999623139,0.8421811612725068,0.3273574794029527,0.06311595698365467,0.22074633630396498,0.0073151440033896765,8,59810,0,5291,0.93,65109,5299,0.08138659785897495
catboost_native_balanced,full_features,isotonic,grid,0.9187362730190911,0.5007548594074354,1.0,0.0015097188148707303,1.0,0.003014885999623139,0.8421811612725068,0.3273574794029527,0.06311595698365467,0.22074633630396498,0.0073151440033896765,8,59810,0,5291,0.9400000000000001,65109,5299,0.08138659785897495
catboost_native_balanced,full_features,isotonic,grid,0.9187362730190911,0.5007548594074354,1.0,0.0015097188148707303,1.0,0.003014885999623139,0.8421811612725068,0.3273574794029527,0.06311595698365467,0.22074633630396498,0.0073151440033896765,8,59810,0,5291,0.9500000000000001,65109,5299,0.08138659785897495
catboost_native_balanced,full_features,isotonic,grid,0.9187362730190911,0.5007548594074354,1.0,0.0015097188148707303,1.0,0.003014885999623139,0.8421811612725068,0.3273574794029527,0.06311595698365467,0.22074633630396498,0.0073151440033896765,8,59810,0,5291,0.9600000000000001,65109,5299,0.08138659785897495
catboost_native_balanced,full_features,isotonic,grid,0.9187362730190911,0.5007548594074354,1.0,0.0015097188148707303,1.0,0.003014885999623139,0.8421811612725068,0.3273574794029527,0.06311595698365467,0.22074633630396498,0.0073151440033896765,8,59810,0,5291,0.97,65109,5299,0.08138659785897495
catboost_native_balanced,full_features,isotonic,grid,0.9187362730190911,0.5007548594074354,1.0,0.0015097188148707303,1.0,0.003014885999623139,0.8421811612725068,0.3273574794029527,0.06311595698365467,0.22074633630396498,0.0073151440033896765,8,59810,0,5291,0.98,65109,5299,0.08138659785897495
catboost_native_balanced,full_features,isotonic,grid,0.9187362730190911,0.5007548594074354,1.0,0.0015097188148707303,1.0,0.003014885999623139,0.8421811612725068,0.3273574794029527,0.06311595698365467,0.22074633630396498,0.0073151440033896765,8,59810,0,5291,0.99,65109,5299,0.08138659785897495
catboost_native_balanced,full_features,isotonic,default_0.50,0.9199649817997512,0.5396925847368652,0.5537897310513448,0.0854878278920551,0.9938973415816753,0.14811181951937225,0.8421811612725068,0.3273574794029527,0.06311595698365467,0.22074633630396498,0.0073151440033896765,453,59445,365,4846,0.5,65109,5299,0.08138659785897495
catboost_native_balanced,full_features,isotonic,maximum_validation_F1,0.8687739022254988,0.7059259792260949,0.3127524523946913,0.5114172485374598,0.90043470991473,0.38814093382984816,0.8421811612725068,0.3273574794029527,0.06311595698365467,0.22074633630396498,0.0073151440033896765,2710,53855,5955,2589,0.23194748358862144,65109,5299,0.08138659785897495
catboost_native_balanced,full_features,isotonic,maximum_Youden_J,0.7444900090617272,0.7646089322484654,0.2121858339680122,0.7886393659180978,0.740578498578833,0.33440025606145474,0.8421811612725068,0.3273574794029527,0.06311595698365467,0.22074633630396498,0.0073151440033896765,4179,44294,15516,1120,0.08392603129445234,65109,5299,0.08138659785897495
catboost_native_balanced,full_features,isotonic,approximately_80pct_recall,0.6964014191586416,0.7634596868822732,0.19096035543403964,0.8435553878090206,0.6833639859555258,0.31142230118089664,0.8421811612725068,0.3273574794029527,0.06311595698365467,0.22074633630396498,0.0073151440033896765,4470,40872,18938,829,0.08320151850680164,65109,5299,0.08138659785897495
catboost_native_balanced,full_features,isotonic,approximately_90pct_recall,0.6088098419573331,0.7451089013428982,0.16148088477159064,0.9079071522928854,0.5823106503929109,0.27419354838709675,0.8421811612725068,0.3273574794029527,0.06311595698365467,0.22074633630396498,0.0073151440033896765,4811,34828,24982,488,0.03993344425956739,65109,5299,0.08138659785897495
catboost_native_tuned,core_features,none,grid,0.27097636271483205,0.5979475910995626,0.09950040841137474,0.9884883940366107,0.20740678816251462,0.18080149114631874,0.8186856747316367,0.28382405294570423,0.06563512874287726,0.2292483047134142,0.0047253762902394235,5238,12405,47405,61,0.01,65109,5299,0.08138659785897495
catboost_native_tuned,core_features,none,grid,0.4138905527653627,0.6665338410912407,0.11898246915870513,0.9682959048877147,0.3647717772947668,0.2119240856617723,0.8186856747316367,0.28382405294570423,0.06563512874287726,0.2292483047134142,0.0047253762902394235,5131,21817,37993,168,0.02,65109,5299,0.08138659785897495
catboost_native_tuned,core_features,none,grid,0.49298868052035816,0.6977191707185985,0.13244734468672079,0.9422532553311945,0.45318508610600233,0.2322487615415029,0.8186856747316367,0.28382405294570423,0.06563512874287726,0.2292483047134142,0.0047253762902394235,4993,27105,32705,306,0.03,65109,5299,0.08138659785897495
catboost_native_tuned,core_features,none,grid,0.5502618685588782,0.7171112135652312,0.1441163377355691,0.9163993206265333,0.5178231065039292,0.24906395855772684,0.8186856747316367,0.28382405294570423,0.06563512874287726,0.2292483047134142,0.0047253762902394235,4856,30971,28839,443,0.04,65109,5299,0.08138659785897495
catboost_native_tuned,core_features,none,grid,0.5942650017662688,0.7292803839825044,0.15443775363267442,0.890545385921872,0.5680153820431366,0.26322688606888855,0.8186856747316367,0.28382405294570423,0.06563512874287726,0.2292483047134142,0.0047253762902394235,4719,33973,25837,580,0.05,65109,5299,0.08138659785897495
catboost_native_tuned,core_features,none,grid,0.6308958822896988,0.7378668355939622,0.16436736302719748,0.865635025476505,0.6100986457114195,0.2762753719207372,0.8186856747316367,0.28382405294570423,0.06563512874287726,0.2292483047134142,0.0047253762902394235,4587,36490,23320,712,0.060000000000000005,65109,5299,0.08138659785897495
catboost_native_tuned,core_features,none,grid,0.6639942250687308,0.7424665889362991,0.1741745283018868,0.8361955085865258,0.6487376692860726,0.2882982530336055,0.8186856747316367,0.28382405294570423,0.06563512874287726,0.2292483047134142,0.0047253762902394235,4431,38801,21009,868,0.06999999999999999,65109,5299,0.08138659785897495
catboost_native_tuned,core_features,none,grid,0.6905343347309896,0.7447866693923726,0.18309859154929578,0.8095867144744291,0.679986624310316,0.29865292909603536,0.8186856747316367,0.28382405294570423,0.06563512874287726,0.2292483047134142,0.0047253762902394235,4290,40670,19140,1009,0.08,65109,5299,0.08138659785897495
catboost_native_tuned,core_features,none,grid,0.7143252084965213,0.7450083612259102,0.19189251795228168,0.7816569163993207,0.7083598060524996,0.3081386698407975,0.8186856747316367,0.28382405294570423,0.06563512874287726,0.2292483047134142,0.0047253762902394235,4142,42367,17443,1157,0.09,65109,5299,0.08138659785897495
catboost_native_tuned,core_features,none,grid,0.7350135925908861,0.7416494245995504,0.19961805206553423,0.7495753915833177,0.7337234576157833,0.31527562805095843,0.8186856747316367,0.28382405294570423,0.06563512874287726,0.2292483047134142,0.0047253762902394235,3972,43884,15926,1327,0.09999999999999999,65109,5299,0.08138659785897495
catboost_native_tuned,core_features,none,grid,0.7560398715999325,0.7400223608641304,0.20960219478738,0.7208907341007738,0.7591539876274871,0.3247746981805815,0.8186856747316367,0.28382405294570423,0.06563512874287726,0.2292483047134142,0.0047253762902394235,3820,45405,14405,1479,0.11,65109,5299,0.08138659785897495
catboost_native_tuned,core_features,none,grid,0.7714140902179423,0.7366948504194212,0.2173194903256253,0.6952255142479713,0.778164186590871,0.33113118511527573,0.8186856747316367,0.28382405294570423,0.06563512874287726,0.2292483047134142,0.0047253762902394235,3684,46542,13268,1615,0.12,65109,5299,0.08138659785897495
catboost_native_tuned,core_features,none,grid,0.786665437957886,0.7326124805672767,0.2258949652223853,0.6680505755802981,0.7971743855542551,0.3376251788268956,0.8186856747316367,0.28382405294570423,0.06563512874287726,0.2292483047134142,0.0047253762902394235,3540,47679,12131,1759,0.13,65109,5299,0.08138659785897495
catboost_native_tuned,core_features,none,grid,0.804005590624952,0.7228732323679953,0.2353149829738933,0.6259671636157765,0.819779301120214,0.3420469193091003,0.8186856747316367,0.28382405294570423,0.06563512874287726,0.2292483047134142,0.0047253762902394235,3317,49031,10779,1982,0.14,65109,5299,0.08138659785897495
catboost_native_tuned,core_features,none,grid,0.8149871753521019,0.7175848054916558,0.24285387605762634,0.6012455180222683,0.8339240929610433,0.3459659029210555,0.8186856747316367,0.28382405294570423,0.06563512874287726,0.2292483047134142,0.0047253762902394235,3186,49877,9933,2113,0.15000000000000002,65109,5299,0.08138659785897495
catboost_native_tuned,core_features,none,grid,0.8252622525303721,0.7118258299170245,0.25061546036435256,0.5763351575769013,0.8473165022571476,0.3493279954246497,0.8186856747316367,0.28382405294570423,0.06563512874287726,0.2292483047134142,0.0047253762902394235,3054,50678,9132,2245,0.16,65109,5299,0.08138659785897495
catboost_native_tuned,core_features,none,grid,0.8369349859466433,0.7004637728222785,0.25857998910477575,0.53745989809398,0.8634676475505768,0.34916937411880095,0.8186856747316367,0.28382405294570423,0.06563512874287726,0.2292483047134142,0.0047253762902394235,2848,51644,8166,2451,0.17,65109,5299,0.08138659785897495
catboost_native_tuned,core_features,none,grid,0.845889201185704,0.6920939062898398,0.2661266422997135,0.5083978109077184,0.8757900016719612,0.3493710284009856,0.8186856747316367,0.28382405294570423,0.06563512874287726,0.2292483047134142,0.0047253762902394235,2694,52381,7429,2605,0.18000000000000002,65109,5299,0.08138659785897495
catboost_native_tuned,core_features,none,grid,0.8529849943940162,0.6841744627629565,0.272397997230212,0.48254387620305716,0.8858050493228558,0.34822279722184396,0.8186856747316367,0.28382405294570423,0.06563512874287726,0.2292483047134142,0.0047253762902394235,2557,52980,6830,2742,0.19,65109,5299,0.08138659785897495
catboost_native_tuned,core_features,none,grid,0.8601575819011197,0.6785327563831355,0.28121407220050587,0.4615965276467258,0.8954689851195452,0.34950346502822033,0.8186856747316367,0.28382405294570423,0.06563512874287726,0.2292483047134142,0.0047253762902394235,2446,53558,6252,2853,0.2,65109,5299,0.08138659785897495
catboost_native_tuned,core_features,none,grid,0.8672687339691901,0.6707936679020585,0.2901443816698054,0.4361200226457822,0.9054673131583347,0.3484620024125452,0.8186856747316367,0.28382405294570423,0.06563512874287726,0.2292483047134142,0.0047253762902394235,2311,54156,5654,2988,0.21000000000000002,65109,5299,0.08138659785897495
catboost_native_tuned,core_features,none,grid,0.8744873980555684,0.6604471718471644,0.29945553539019965,0.40479335723721455,0.9161009864571142,0.3442465093885412,0.8186856747316367,0.28382405294570423,0.06563512874287726,0.2292483047134142,0.0047253762902394235,2145,54792,5018,3154,0.22,65109,5299,0.08138659785897495
catboost_native_tuned,core_features,none,grid,0.8795711806355496,0.6512605984876497,0.3060726274031126,0.3785619928288356,0.9239592041464638,0.33847970977811526,0.8186856747316367,0.28382405294570423,0.06563512874287726,0.2292483047134142,0.0047253762902394235,2006,55262,4548,3293,0.23,65109,5299,0.08138659785897495
catboost_native_tuned,core_features,none,grid,0.883441613294629,0.6418435885493722,0.31024196221412,0.3532742026797509,0.9304129744189935,0.3303626577252272,0.8186856747316367,0.28382405294570423,0.06563512874287726,0.2292483047134142,0.0047253762902394235,1872,55648,4162,3427,0.24000000000000002,65109,5299,0.08138659785897495
catboost_native_tuned,core_features,none,grid,0.8869741510390269,0.6358545629127703,0.3167259786476868,0.3359124363087375,0.9357966895168032,0.32603718289220623,0.8186856747316367,0.28382405294570423,0.06563512874287726,0.2292483047134142,0.0047253762902394235,1780,55970,3840,3519,0.25,65109,5299,0.08138659785897495
catboost_native_tuned,core_features,none,grid,0.891505014667711,0.6267110270148734,0.3254203758654797,0.3104359313077939,0.9429861227219528,0.3177515935870195,0.8186856747316367,0.28382405294570423,0.06563512874287726,0.2292483047134142,0.0047253762902394235,1645,56400,3410,3654,0.26,65109,5299,0.08138659785897495
catboost_native_tuned,core_features,none,grid,0.8954522416255817,0.620001742323043,0.335801393728223,0.2909983015663333,0.9490051830797526,0.31179860479223537,0.8186856747316367,0.28382405294570423,0.06563512874287726,0.2292483047134142,0.0047253762902394235,1542,56760,3050,3757,0.27,65109,5299,0.08138659785897495
catboost_native_tuned,core_features,none,grid,0.8983243484003748,0.6125352759677836,0.3425506555423123,0.2711832421211549,0.9538873098144123,0.3027175057931325,0.8186856747316367,0.28382405294570423,0.06563512874287726,0.2292483047134142,0.0047253762902394235,1437,57052,2758,3862,0.28,65109,5299,0.08138659785897495
catboost_native_tuned,core_features,none,grid,0.900904636839761,0.6068019209348191,0.3506863506863507,0.2555199094168711,0.9580839324527671,0.29563318777292574,0.8186856747316367,0.28382405294570423,0.06563512874287726,0.2292483047134142,0.0047253762902394235,1354,57303,2507,3945,0.29000000000000004,65109,5299,0.08138659785897495
catboost_native_tuned,core_features,none,grid,0.9035924372974551,0.5993211345268068,0.359401955146636,0.23589356482355162,0.9627487042300619,0.28483536515893815,0.8186856747316367,0.28382405294570423,0.06563512874287726,0.2292483047134142,0.0047253762902394235,1250,57582,2228,4049,0.3,65109,5299,0.08138659785897495
catboost_native_tuned,core_features,none,grid,0.9060805725782918,0.5941396039966657,0.37104930467762326,0.22155123608227967,0.9667279719110516,0.2774429871204065,0.8186856747316367,0.28382405294570423,0.06563512874287726,0.2292483047134142,0.0047253762902394235,1174,57820,1990,4125,0.31,65109,5299,0.08138659785897495
catboost_native_tuned,core_features,none,grid,0.907800764871216,0.5872501188657459,0.3773519163763066,0.20437818456312512,0.9701220531683665,0.2651487330150569,0.8186856747316367,0.28382405294570423,0.06563512874287726,0.2292483047134142,0.0047253762902394235,1083,58023,1787,4216,0.32,65109,5299,0.08138659785897495
catboost_native_tuned,core_features,none,grid,0.9092291388287334,0.5801157997999515,0.38218279984573855,0.18701641819211173,0.9732151814077913,0.2511403953370502,0.8186856747316367,0.28382405294570423,0.06563512874287726,0.2292483047134142,0.0047253762902394235,991,58208,1602,4308,0.33,65109,5299,0.08138659785897495
catboost_native_tuned,core_features,none,grid,0.9108264602435915,0.5723854576417194,0.3892529488859764,0.1681449330062276,0.9766259822772112,0.23484449130205587,0.8186856747316367,0.28382405294570423,0.06563512874287726,0.2292483047134142,0.0047253762902394235,891,58412,1398,4408,0.34,65109,5299,0.08138659785897495
catboost_native_tuned,core_features,none,grid,0.9124852170974826,0.5670104904443741,0.401965601965602,0.15436874882053217,0.9796522320682161,0.22307062994273247,0.8186856747316367,0.28382405294570423,0.06563512874287726,0.2292483047134142,0.0047253762902394235,818,58593,1217,4481,0.35000000000000003,65109,5299,0.08138659785897495
catboost_native_tuned,core_features,none,grid,0.9133913898232195,0.5613978879902102,0.40730643402399125,0.14096999433855445,0.981825781641866,0.20944903967475115,0.8186856747316367,0.28382405294570423,0.06563512874287726,0.2292483047134142,0.0047253762902394235,747,58723,1087,4552,0.36000000000000004,65109,5299,0.08138659785897495
catboost_native_tuned,core_features,none,grid,0.9146047397441214,0.5557804864173423,0.41889372280919823,0.12719381015285902,0.9843671626818258,0.19513607411696585,0.8186856747316367,0.28382405294570423,0.06563512874287726,0.2292483047134142,0.0047253762902394235,674,58875,935,4625,0.37,65109,5299,0.08138659785897495
catboost_native_tuned,core_features,none,grid,0.9150655055368689,0.5498394519677791,0.4195121951219512,0.11360634081902246,0.9860725631165357,0.1787941787941788,0.8186856747316367,0.28382405294570423,0.06563512874287726,0.2292483047134142,0.0047253762902394235,602,58977,833,4697,0.38,65109,5299,0.08138659785897495
catboost_native_tuned,core_features,none,grid,0.9155723479088912,0.5452134612345271,0.4231366459627329,0.1028495942630685,0.9875773282059856,0.1654774555943525,0.8186856747316367,0.28382405294570423,0.06563512874287726,0.2292483047134142,0.0047253762902394235,545,59067,743,4754,0.39,65109,5299,0.08138659785897495
catboost_native_tuned,core_features,none,grid,0.9159409605430893,0.5393942631884026,0.4225978647686833,0.08963955463294962,0.9891489717438555,0.14790596294566402,0.8186856747316367,0.28382405294570423,0.06563512874287726,0.2292483047134142,0.0047253762902394235,475,59161,649,4824,0.4,65109,5299,0.08138659785897495
catboost_native_tuned,core_features,none,grid,0.9164631617748699,0.5358086036997262,0.43,0.08114738629930175,0.9904698211001505,0.13652960787426577,0.8186856747316367,0.28382405294570423,0.06563512874287726,0.2292483047134142,0.0047253762902394235,430,59240,570,4869,0.41000000000000003,65109,5299,0.08138659785897495
catboost_native_tuned,core_features,none,grid,0.9168317744090678,0.5338592985480631,0.4373650107991361,0.07642951500283073,0.9912890820932955,0.13012048192771083,0.8186856747316367,0.28382405294570423,0.06563512874287726,0.2292483047134142,0.0047253762902394235,405,59289,521,4894,0.42000000000000004,65109,5299,0.08138659785897495
catboost_native_tuned,core_features,none,grid,0.9173078990615736,0.530334557261106,0.4473358116480793,0.06812606152104171,0.9925430530011704,0.11824434981984933,0.8186856747316367,0.28382405294570423,0.06563512874287726,0.2292483047134142,0.0047253762902394235,361,59364,446,4938,0.43,65109,5299,0.08138659785897495
catboost_native_tuned,core_features,none,grid,0.917814741433596,0.5256225689079771,0.46048632218844987,0.05718060011322891,0.9940645377027253,0.10172905825079738,0.8186856747316367,0.28382405294570423,0.06563512874287726,0.2292483047134142,0.0047253762902394235,303,59455,355,4996,0.44,65109,5299,0.08138659785897495
catboost_native_tuned,core_features,none,grid,0.9181987129275523,0.5227356497437204,0.47593582887700536,0.05038686544631062,0.9950844340411302,0.09112627986348124,0.8186856747316367,0.28382405294570423,0.06563512874287726,0.2292483047134142,0.0047253762902394235,267,59516,294,5032,0.45,65109,5299,0.08138659785897495
catboost_native_tuned,core_features,none,grid,0.9183830192446513,0.5202560388200428,0.48466257668711654,0.04472541989054538,0.9957866577495402,0.08189357290946786,0.8186856747316367,0.28382405294570423,0.06563512874287726,0.2292483047134142,0.0047253762902394235,237,59558,252,5062,0.46,65109,5299,0.08138659785897495
catboost_native_tuned,core_features,none,grid,0.9187823495983658,0.5188394389997463,0.5129411764705882,0.0411398377052274,0.9965390402942652,0.07617051013277429,0.8186856747316367,0.28382405294570423,0.06563512874287726,0.2292483047134142,0.0047253762902394235,218,59603,207,5081,0.47000000000000003,65109,5299,0.08138659785897495
catboost_native_tuned,core_features,none,grid,0.9187362730190911,0.5162344309852812,0.5108695652173914,0.03547839214946216,0.9969904698211002,0.06634903829186518,0.8186856747316367,0.28382405294570423,0.06563512874287726,0.2292483047134142,0.0047253762902394235,188,59630,180,5111,0.48000000000000004,65109,5299,0.08138659785897495
catboost_native_tuned,core_features,none,grid,0.918613402141025,0.5133296310809228,0.5,0.0292508020381204,0.9974084601237251,0.05526831877339989,0.8186856747316367,0.28382405294570423,0.06563512874287726,0.2292483047134142,0.0047253762902394235,155,59655,155,5144,0.49,65109,5299,0.08138659785897495
catboost_native_tuned,core_features,none,grid,0.9189052204764319,0.5118545126182588,0.5375494071146245,0.025665219852802415,0.9980438053837151,0.04899135446685879,0.8186856747316367,0.28382405294570423,0.06563512874287726,0.2292483047134142,0.0047253762902394235,136,59693,117,5163,0.5,65109,5299,0.08138659785897495
catboost_native_tuned,core_features,none,grid,0.9188591438971571,0.5100234831826859,0.5373831775700935,0.021702207963766748,0.9983447584016051,0.0417195719209142,0.8186856747316367,0.28382405294570423,0.06563512874287726,0.2292483047134142,0.0047253762902394235,115,59711,99,5184,0.51,65109,5299,0.08138659785897495
catboost_native_tuned,core_features,none,grid,0.9189512970557066,0.5091276682003548,0.5591397849462365,0.019626344593319495,0.9986289918073901,0.03792160437556973,0.8186856747316367,0.28382405294570423,0.06563512874287726,0.2292483047134142,0.0047253762902394235,104,59728,82,5195,0.52,65109,5299,0.08138659785897495
catboost_native_tuned,core_features,none,grid,0.9189205793361901,0.5073049985708344,0.5684931506849316,0.015663332704283828,0.998946664437385,0.03048668503213958,0.8186856747316367,0.28382405294570423,0.06563512874287726,0.2292483047134142,0.0047253762902394235,83,59747,63,5216,0.53,65109,5299,0.08138659785897495
catboost_native_tuned,core_features,none,grid,0.9189820147752231,0.5068224520757829,0.5923076923076923,0.01453104359313078,0.9991138605584351,0.028366181617240745,0.8186856747316367,0.28382405294570423,0.06563512874287726,0.2292483047134142,0.0047253762902394235,77,59757,53,5222,0.54,65109,5299,0.08138659785897495
catboost_native_tuned,core_features,none,grid,0.9189666559154648,0.5058681184510843,0.6055045871559633,0.012455180222683526,0.9992810566794851,0.02440828402366864,0.8186856747316367,0.28382405294570423,0.06563512874287726,0.2292483047134142,0.0047253762902394235,66,59767,43,5233,0.55,65109,5299,0.08138659785897495
catboost_native_tuned,core_features,none,grid,0.9188898616166736,0.504450357502791,0.6097560975609756,0.009435742592942064,0.99946497241264,0.01858390633711206,0.8186856747316367,0.28382405294570423,0.06563512874287726,0.2292483047134142,0.0047253762902394235,50,59778,32,5249,0.56,65109,5299,0.08138659785897495
catboost_native_tuned,core_features,none,grid,0.9187823495983658,0.5037038579014081,0.5753424657534246,0.007926023778071334,0.999481692024745,0.01563663440059568,0.8186856747316367,0.28382405294570423,0.06563512874287726,0.2292483047134142,0.0047253762902394235,42,59779,31,5257,0.5700000000000001,65109,5299,0.08138659785897495
catboost_native_tuned,core_features,none,grid,0.9187669907386076,0.5030075171363403,0.5862068965517241,0.006416304963200604,0.99959872930948,0.012693671831248834,0.8186856747316367,0.28382405294570423,0.06563512874287726,0.2292483047134142,0.0047253762902394235,34,59786,24,5265,0.5800000000000001,65109,5299,0.08138659785897495
catboost_native_tuned,core_features,none,grid,0.9188130673178824,0.5025166108352362,0.6511627906976745,0.005284015852047556,0.999749205818425,0.010482965181579932,0.8186856747316367,0.28382405294570423,0.06563512874287726,0.2292483047134142,0.0047253762902394235,28,59795,15,5271,0.59,65109,5299,0.08138659785897495
catboost_native_tuned,core_features,none,grid,0.918797708458124,0.5019922653099222,0.6875,0.004151726740894509,0.99983280387895,0.008253610954792722,0.8186856747316367,0.28382405294570423,0.06563512874287726,0.2292483047134142,0.0047253762902394235,22,59800,10,5277,0.6,65109,5299,0.08138659785897495
catboost_native_tuned,core_features,none,grid,0.9187823495983658,0.5017259126442389,0.7037037037037037,0.0035855821853179844,0.99986624310316,0.007134810364250845,0.8186856747316367,0.28382405294570423,0.06563512874287726,0.2292483047134142,0.0047253762902394235,19,59802,8,5280,0.61,65109,5299,0.08138659785897495
catboost_native_tuned,core_features,none,grid,0.9187516318788493,0.5015371977923802,0.68,0.003208152481600302,0.99986624310316,0.006386175807663411,0.8186856747316367,0.28382405294570423,0.06563512874287726,0.2292483047134142,0.0047253762902394235,17,59802,8,5282,0.62,65109,5299,0.08138659785897495
catboost_native_tuned,core_features,none,grid,0.9187669907386076,0.5010295718791711,0.9166666666666666,0.0020758633704472543,0.999983280387895,0.004142346074185652,0.8186856747316367,0.28382405294570423,0.06563512874287726,0.2292483047134142,0.0047253762902394235,11,59809,1,5288,0.63,65109,5299,0.08138659785897495
catboost_native_tuned,core_features,none,grid,0.9186901964398163,0.5004717871296471,1.0,0.0009435742592942064,1.0,0.001885369532428356,0.8186856747316367,0.28382405294570423,0.06563512874287726,0.2292483047134142,0.0047253762902394235,5,59810,0,5294,0.64,65109,5299,0.08138659785897495
catboost_native_tuned,core_features,none,grid,0.9186901964398163,0.5004717871296471,1.0,0.0009435742592942064,1.0,0.001885369532428356,0.8186856747316367,0.28382405294570423,0.06563512874287726,0.2292483047134142,0.0047253762902394235,5,59810,0,5294,0.65,65109,5299,0.08138659785897495
catboost_native_tuned,core_features,none,grid,0.9186748375800581,0.5003774297037177,1.0,0.0007548594074353652,1.0,0.0015085800490288515,0.8186856747316367,0.28382405294570423,0.06563512874287726,0.2292483047134142,0.0047253762902394235,4,59810,0,5295,0.66,65109,5299,0.08138659785897495
catboost_native_tuned,core_features,none,grid,0.9186441198605415,0.5001887148518589,1.0,0.0003774297037176826,1.0,0.0007545746085644218,0.8186856747316367,0.28382405294570423,0.06563512874287726,0.2292483047134142,0.0047253762902394235,2,59810,0,5297,0.67,65109,5299,0.08138659785897495
catboost_native_tuned,core_features,none,grid,0.9186287610007833,0.5000943574259294,1.0,0.0001887148518588413,1.0,0.0003773584905660377,0.8186856747316367,0.28382405294570423,0.06563512874287726,0.2292483047134142,0.0047253762902394235,1,59810,0,5298,0.68,65109,5299,0.08138659785897495
catboost_native_tuned,core_features,none,grid,0.918613402141025,0.5,0.0,0.0,1.0,0.0,0.8186856747316367,0.28382405294570423,0.06563512874287726,0.2292483047134142,0.0047253762902394235,0,59810,0,5299,0.6900000000000001,65109,5299,0.08138659785897495
catboost_native_tuned,core_features,none,grid,0.918613402141025,0.5,0.0,0.0,1.0,0.0,0.8186856747316367,0.28382405294570423,0.06563512874287726,0.2292483047134142,0.0047253762902394235,0,59810,0,5299,0.7000000000000001,65109,5299,0.08138659785897495
catboost_native_tuned,core_features,none,grid,0.918613402141025,0.5,0.0,0.0,1.0,0.0,0.8186856747316367,0.28382405294570423,0.06563512874287726,0.2292483047134142,0.0047253762902394235,0,59810,0,5299,0.7100000000000001,65109,5299,0.08138659785897495
catboost_native_tuned,core_features,none,grid,0.918613402141025,0.5,0.0,0.0,1.0,0.0,0.8186856747316367,0.28382405294570423,0.06563512874287726,0.2292483047134142,0.0047253762902394235,0,59810,0,5299,0.72,65109,5299,0.08138659785897495
catboost_native_tuned,core_features,none,grid,0.918613402141025,0.5,0.0,0.0,1.0,0.0,0.8186856747316367,0.28382405294570423,0.06563512874287726,0.2292483047134142,0.0047253762902394235,0,59810,0,5299,0.73,65109,5299,0.08138659785897495
catboost_native_tuned,core_features,none,grid,0.918613402141025,0.5,0.0,0.0,1.0,0.0,0.8186856747316367,0.28382405294570423,0.06563512874287726,0.2292483047134142,0.0047253762902394235,0,59810,0,5299,0.74,65109,5299,0.08138659785897495
catboost_native_tuned,core_features,none,grid,0.918613402141025,0.5,0.0,0.0,1.0,0.0,0.8186856747316367,0.28382405294570423,0.06563512874287726,0.2292483047134142,0.0047253762902394235,0,59810,0,5299,0.75,65109,5299,0.08138659785897495
catboost_native_tuned,core_features,none,grid,0.918613402141025,0.5,0.0,0.0,1.0,0.0,0.8186856747316367,0.28382405294570423,0.06563512874287726,0.2292483047134142,0.0047253762902394235,0,59810,0,5299,0.76,65109,5299,0.08138659785897495
catboost_native_tuned,core_features,none,grid,0.918613402141025,0.5,0.0,0.0,1.0,0.0,0.8186856747316367,0.28382405294570423,0.06563512874287726,0.2292483047134142,0.0047253762902394235,0,59810,0,5299,0.77,65109,5299,0.08138659785897495
catboost_native_tuned,core_features,none,grid,0.918613402141025,0.5,0.0,0.0,1.0,0.0,0.8186856747316367,0.28382405294570423,0.06563512874287726,0.2292483047134142,0.0047253762902394235,0,59810,0,5299,0.78,65109,5299,0.08138659785897495
catboost_native_tuned,core_features,none,grid,0.918613402141025,0.5,0.0,0.0,1.0,0.0,0.8186856747316367,0.28382405294570423,0.06563512874287726,0.2292483047134142,0.0047253762902394235,0,59810,0,5299,0.79,65109,5299,0.08138659785897495
catboost_native_tuned,core_features,none,grid,0.918613402141025,0.5,0.0,0.0,1.0,0.0,0.8186856747316367,0.28382405294570423,0.06563512874287726,0.2292483047134142,0.0047253762902394235,0,59810,0,5299,0.8,65109,5299,0.08138659785897495
catboost_native_tuned,core_features,none,grid,0.918613402141025,0.5,0.0,0.0,1.0,0.0,0.8186856747316367,0.28382405294570423,0.06563512874287726,0.2292483047134142,0.0047253762902394235,0,59810,0,5299,0.81,65109,5299,0.08138659785897495
catboost_native_tuned,core_features,none,grid,0.918613402141025,0.5,0.0,0.0,1.0,0.0,0.8186856747316367,0.28382405294570423,0.06563512874287726,0.2292483047134142,0.0047253762902394235,0,59810,0,5299,0.8200000000000001,65109,5299,0.08138659785897495
catboost_native_tuned,core_features,none,grid,0.918613402141025,0.5,0.0,0.0,1.0,0.0,0.8186856747316367,0.28382405294570423,0.06563512874287726,0.2292483047134142,0.0047253762902394235,0,59810,0,5299,0.8300000000000001,65109,5299,0.08138659785897495
catboost_native_tuned,core_features,none,grid,0.918613402141025,0.5,0.0,0.0,1.0,0.0,0.8186856747316367,0.28382405294570423,0.06563512874287726,0.2292483047134142,0.0047253762902394235,0,59810,0,5299,0.8400000000000001,65109,5299,0.08138659785897495
catboost_native_tuned,core_features,none,grid,0.918613402141025,0.5,0.0,0.0,1.0,0.0,0.8186856747316367,0.28382405294570423,0.06563512874287726,0.2292483047134142,0.0047253762902394235,0,59810,0,5299,0.85,65109,5299,0.08138659785897495
catboost_native_tuned,core_features,none,grid,0.918613402141025,0.5,0.0,0.0,1.0,0.0,0.8186856747316367,0.28382405294570423,0.06563512874287726,0.2292483047134142,0.0047253762902394235,0,59810,0,5299,0.86,65109,5299,0.08138659785897495
catboost_native_tuned,core_features,none,grid,0.918613402141025,0.5,0.0,0.0,1.0,0.0,0.8186856747316367,0.28382405294570423,0.06563512874287726,0.2292483047134142,0.0047253762902394235,0,59810,0,5299,0.87,65109,5299,0.08138659785897495
catboost_native_tuned,core_features,none,grid,0.918613402141025,0.5,0.0,0.0,1.0,0.0,0.8186856747316367,0.28382405294570423,0.06563512874287726,0.2292483047134142,0.0047253762902394235,0,59810,0,5299,0.88,65109,5299,0.08138659785897495
catboost_native_tuned,core_features,none,grid,0.918613402141025,0.5,0.0,0.0,1.0,0.0,0.8186856747316367,0.28382405294570423,0.06563512874287726,0.2292483047134142,0.0047253762902394235,0,59810,0,5299,0.89,65109,5299,0.08138659785897495
catboost_native_tuned,core_features,none,grid,0.918613402141025,0.5,0.0,0.0,1.0,0.0,0.8186856747316367,0.28382405294570423,0.06563512874287726,0.2292483047134142,0.0047253762902394235,0,59810,0,5299,0.9,65109,5299,0.08138659785897495
catboost_native_tuned,core_features,none,grid,0.918613402141025,0.5,0.0,0.0,1.0,0.0,0.8186856747316367,0.28382405294570423,0.06563512874287726,0.2292483047134142,0.0047253762902394235,0,59810,0,5299,0.91,65109,5299,0.08138659785897495
catboost_native_tuned,core_features,none,grid,0.918613402141025,0.5,0.0,0.0,1.0,0.0,0.8186856747316367,0.28382405294570423,0.06563512874287726,0.2292483047134142,0.0047253762902394235,0,59810,0,5299,0.92,65109,5299,0.08138659785897495
catboost_native_tuned,core_features,none,grid,0.918613402141025,0.5,0.0,0.0,1.0,0.0,0.8186856747316367,0.28382405294570423,0.06563512874287726,0.2292483047134142,0.0047253762902394235,0,59810,0,5299,0.93,65109,5299,0.08138659785897495
catboost_native_tuned,core_features,none,grid,0.918613402141025,0.5,0.0,0.0,1.0,0.0,0.8186856747316367,0.28382405294570423,0.06563512874287726,0.2292483047134142,0.0047253762902394235,0,59810,0,5299,0.9400000000000001,65109,5299,0.08138659785897495
catboost_native_tuned,core_features,none,grid,0.918613402141025,0.5,0.0,0.0,1.0,0.0,0.8186856747316367,0.28382405294570423,0.06563512874287726,0.2292483047134142,0.0047253762902394235,0,59810,0,5299,0.9500000000000001,65109,5299,0.08138659785897495
catboost_native_tuned,core_features,none,grid,0.918613402141025,0.5,0.0,0.0,1.0,0.0,0.8186856747316367,0.28382405294570423,0.06563512874287726,0.2292483047134142,0.0047253762902394235,0,59810,0,5299,0.9600000000000001,65109,5299,0.08138659785897495
catboost_native_tuned,core_features,none,grid,0.918613402141025,0.5,0.0,0.0,1.0,0.0,0.8186856747316367,0.28382405294570423,0.06563512874287726,0.2292483047134142,0.0047253762902394235,0,59810,0,5299,0.97,65109,5299,0.08138659785897495
catboost_native_tuned,core_features,none,grid,0.918613402141025,0.5,0.0,0.0,1.0,0.0,0.8186856747316367,0.28382405294570423,0.06563512874287726,0.2292483047134142,0.0047253762902394235,0,59810,0,5299,0.98,65109,5299,0.08138659785897495
catboost_native_tuned,core_features,none,grid,0.918613402141025,0.5,0.0,0.0,1.0,0.0,0.8186856747316367,0.28382405294570423,0.06563512874287726,0.2292483047134142,0.0047253762902394235,0,59810,0,5299,0.99,65109,5299,0.08138659785897495
catboost_native_tuned,core_features,none,default_0.50,0.9189052204764319,0.5118545126182588,0.5375494071146245,0.025665219852802415,0.9980438053837151,0.04899135446685879,0.8186856747316367,0.28382405294570423,0.06563512874287726,0.2292483047134142,0.0047253762902394235,136,59693,117,5163,0.5,65109,5299,0.08138659785897495
catboost_native_tuned,core_features,none,maximum_validation_F1,0.8334792425010368,0.7058066165301273,0.2570351538528973,0.5533119456501226,0.8583012874101321,0.3510116125942775,0.8186856747316367,0.28382405294570423,0.06563512874287726,0.2292483047134142,0.0047253762902394235,2932,51335,8475,2367,0.16654775902699492,65109,5299,0.08138659785897495
catboost_native_tuned,core_features,none,maximum_Youden_J,0.7084427652091109,0.7466224222209104,0.1901268115942029,0.7922249481034157,0.701019896338405,0.306658387815479,0.8186856747316367,0.28382405294570423,0.06563512874287726,0.2292483047134142,0.0047253762902394235,4198,41928,17882,1101,0.08693045792697153,65109,5299,0.08138659785897495
catboost_native_tuned,core_features,none,approximately_80pct_recall,0.6991660139151269,0.7450990017801544,0.18619871738557497,0.7999622570296282,0.6902357465306805,0.3020844468198824,0.8186856747316367,0.28382405294570423,0.06563512874287726,0.2292483047134142,0.0047253762902394235,4239,41283,18527,1060,0.08330134133072574,65109,5299,0.08138659785897495
catboost_native_tuned,core_features,none,approximately_90pct_recall,0.5786911179714018,0.7251034216391159,0.15058414903694348,0.8999811285148142,0.5502257147634175,0.2579999459006194,0.8186856747316367,0.28382405294570423,0.06563512874287726,0.2292483047134142,0.0047253762902394235,4769,32909,26901,530,0.04632586890148077,65109,5299,0.08138659785897495
catboost_native,no_socioeconomic,none,grid,0.34422276490193365,0.635923558526641,0.10905289567217227,0.9843366672957162,0.2875104497575656,0.1963522746522615,0.8419577167036372,0.3393608424682351,0.06298542080782658,0.21870608864724805,0.005451632211259926,5216,17196,42614,83,0.01,65109,5299,0.08138659785897495
catboost_native,no_socioeconomic,none,grid,0.46998110860249737,0.6954298980173077,0.12963432570877922,0.9647103227023966,0.4261494733322187,0.22855609952384146,0.8419577167036372,0.3393608424682351,0.06298542080782658,0.21870608864724805,0.005451632211259926,5112,25488,34322,187,0.02,65109,5299,0.08138659785897495
catboost_native,no_socioeconomic,none,grid,0.5415687539357078,0.7218393015259779,0.1440213450885995,0.9371579543310059,0.5065206487209497,0.2496732026143791,0.8419577167036372,0.3393608424682351,0.06298542080782658,0.21870608864724805,0.005451632211259926,4966,30295,29515,333,0.03,65109,5299,0.08138659785897495
catboost_native,no_socioeconomic,none,grid,0.5919458139427729,0.7393697390923305,0.15663039617706886,0.9154557463672391,0.5632837318174219,0.2674937965260546,0.8419577167036372,0.3393608424682351,0.06298542080782658,0.21870608864724805,0.005451632211259926,4851,33690,26120,448,0.04,65109,5299,0.08138659785897495
catboost_native,no_socioeconomic,none,grid,0.6339830131011074,0.7518448162529143,0.1689768505287225,0.8926212492923193,0.6110683832135094,0.28416088432309033,0.8419577167036372,0.3393608424682351,0.06298542080782658,0.21870608864724805,0.005451632211259926,4730,36548,23262,569,0.05,65109,5299,0.08138659785897495
catboost_native,no_socioeconomic,none,grid,0.6662826951727103,0.7598797525749827,0.1799587018350411,0.8716739007359879,0.6480856044139776,0.2983271975715301,0.8419577167036372,0.3393608424682351,0.06298542080782658,0.21870608864724805,0.005451632211259926,4619,38762,21048,680,0.060000000000000005,65109,5299,0.08138659785897495
catboost_native,no_socioeconomic,none,grid,0.694711944585234,0.7629700963158829,0.19019891193471608,0.8444989620683148,0.681441230563451,0.31047282061955805,0.8419577167036372,0.3393608424682351,0.06298542080782658,0.21870608864724805,0.005451632211259926,4475,40757,19053,824,0.06999999999999999,65109,5299,0.08138659785897495
catboost_native,no_socioeconomic,none,grid,0.7194089910765025,0.764630990525164,0.2004065416243186,0.8186450273636535,0.7106169536866744,0.32198923733531265,0.8419577167036372,0.3393608424682351,0.06298542080782658,0.21870608864724805,0.005451632211259926,4338,42502,17308,961,0.08,65109,5299,0.08138659785897495
catboost_native,no_socioeconomic,none,grid,0.7398823511342518,0.7645089237892693,0.20981497182185427,0.7939233817701453,0.7350944658083932,0.3319132149901381,0.8419577167036372,0.3393608424682351,0.06298542080782658,0.21870608864724805,0.005451632211259926,4207,43966,15844,1092,0.09,65109,5299,0.08138659785897495
catboost_native,no_socioeconomic,none,grid,0.756992120904944,0.7617820809489848,0.2179878865841239,0.7675033025099075,0.7560608593880622,0.3395391551177158,0.8419577167036372,0.3393608424682351,0.06298542080782658,0.21870608864724805,0.005451632211259926,4067,45220,14590,1232,0.09999999999999999,65109,5299,0.08138659785897495
catboost_native,no_socioeconomic,none,grid,0.7744858621695925,0.7596082237395206,0.22793691290734083,0.7418380826571052,0.7773783648219361,0.34872477267686847,0.8419577167036372,0.3393608424682351,0.06298542080782658,0.21870608864724805,0.005451632211259926,3931,46495,13315,1368,0.11,65109,5299,0.08138659785897495
catboost_native,no_socioeconomic,none,grid,0.7897064921900198,0.7571430890529326,0.23780068728522336,0.71824872617475,0.7960374519311152,0.3573037927149831,0.8419577167036372,0.3393608424682351,0.06298542080782658,0.21870608864724805,0.005451632211259926,3806,47611,12199,1493,0.12,65109,5299,0.08138659785897495
catboost_native,no_socioeconomic,none,grid,0.801747838240489,0.7532054673731079,0.24597716498631234,0.6952255142479713,0.8111854204982445,0.3633852830933123,0.8419577167036372,0.3393608424682351,0.06298542080782658,0.21870608864724805,0.005451632211259926,3684,48517,11293,1615,0.13,65109,5299,0.08138659785897495
catboost_native,no_socioeconomic,none,grid,0.8139888494678155,0.7494625207918426,0.2556320849476252,0.6723910171730515,0.8265340244106337,0.37043198003846756,0.8419577167036372,0.3393608424682351,0.06298542080782658,0.21870608864724805,0.005451632211259926,3563,49435,10375,1736,0.14,65109,5299,0.08138659785897495
catboost_native,no_socioeconomic,none,grid,0.8241410557680198,0.7451846239265758,0.2643114414897693,0.6508775240611436,0.839491723792008,0.37595378242860256,0.8419577167036372,0.3393608424682351,0.06298542080782658,0.21870608864724805,0.005451632211259926,3449,50210,9600,1850,0.15000000000000002,65109,5299,0.08138659785897495
catboost_native,no_socioeconomic,none,grid,0.8346925924219386,0.7406940939192894,0.2746618277796107,0.6284204566899415,0.8529677311486373,0.3822533432818688,0.8419577167036372,0.3393608424682351,0.06298542080782658,0.21870608864724805,0.005451632211259926,3330,51016,8794,1969,0.16,65109,5299,0.08138659785897495
catboost_native,no_socioeconomic,none,grid,0.8438311139780983,0.7338865045973886,0.2836961350510884,0.6025665219852803,0.8652064872094968,0.3857677902621723,0.8419577167036372,0.3393608424682351,0.06298542080782658,0.21870608864724805,0.005451632211259926,3193,51748,8062,2106,0.17,65109,5299,0.08138659785897495
catboost_native,no_socioeconomic,none,grid,0.8514337495584328,0.7256409513310991,0.29115737203972497,0.5753915833176071,0.8758903193445912,0.38665905776425086,0.8419577167036372,0.3393608424682351,0.06298542080782658,0.21870608864724805,0.005451632211259926,3049,52387,7423,2250,0.18000000000000002,65109,5299,0.08138659785897495
catboost_native,no_socioeconomic,none,grid,0.8584220307484373,0.7174909939220944,0.2987986446247048,0.5491602189092282,0.8858217689349607,0.38701955047213726,0.8419577167036372,0.3393608424682351,0.06298542080782658,0.21870608864724805,0.005451632211259926,2910,52981,6829,2389,0.19,65109,5299,0.08138659785897495
catboost_native,no_socioeconomic,none,grid,0.8640894499992321,0.7112020217888824,0.30605332167832167,0.5285903000566144,0.8938137435211503,0.3876548335755311,0.8419577167036372,0.3393608424682351,0.06298542080782658,0.21870608864724805,0.005451632211259926,2801,53459,6351,2498,0.2,65109,5299,0.08138659785897495
catboost_native,no_socioeconomic,none,grid,0.8698643812683347,0.7065195254558223,0.31533628112636725,0.5114172485374598,0.9016218023741849,0.3901245231411502,0.8419577167036372,0.3393608424682351,0.06298542080782658,0.21870608864724805,0.005451632211259926,2710,53926,5884,2589,0.21000000000000002,65109,5299,0.08138659785897495
catboost_native,no_socioeconomic,none,grid,0.8742109385799198,0.6973616695051723,0.3202785030461271,0.4861294583883752,0.9085938806219696,0.3861490031479538,0.8419577167036372,0.3393608424682351,0.06298542080782658,0.21870608864724805,0.005451632211259926,2576,54343,5467,2723,0.22,65109,5299,0.08138659785897495
catboost_native,no_socioeconomic,none,grid,0.8794329508977253,0.6907442653765609,0.32954697313911535,0.4653708246839026,0.9161177060692192,0.385855108746675,0.8419577167036372,0.3393608424682351,0.06298542080782658,0.21870608864724805,0.005451632211259926,2466,54793,5017,2833,0.23,65109,5299,0.08138659785897495
catboost_native,no_socioeconomic,none,grid,0.8835491253129367,0.6832669623525387,0.3366719130061525,0.44404604642385354,0.9224878782812239,0.3829752604166667,0.8419577167036372,0.3393608424682351,0.06298542080782658,0.21870608864724805,0.005451632211259926,2353,55174,4636,2946,0.24000000000000002,65109,5299,0.08138659785897495
catboost_native,no_socioeconomic,none,grid,0.8872198927951589,0.6773531749704094,0.3443496801705757,0.42668428005284015,0.9280220698879786,0.3811209439528024,0.8419577167036372,0.3393608424682351,0.06298542080782658,0.21870608864724805,0.005451632211259926,2261,55505,4305,3038,0.25,65109,5299,0.08138659785897495
catboost_native,no_socioeconomic,none,grid,0.8913975026494033,0.6699093111705972,0.35398813447593935,0.40535950179279107,0.9344591205484033,0.377936130905252,0.8419577167036372,0.3393608424682351,0.06298542080782658,0.21870608864724805,0.005451632211259926,2148,55890,3920,3151,0.26,65109,5299,0.08138659785897495
catboost_native,no_socioeconomic,none,grid,0.8948378872352517,0.6629241528790342,0.3627172756296559,0.38592187205133044,0.939926433706738,0.3739599524549694,0.8419577167036372,0.3393608424682351,0.06298542080782658,0.21870608864724805,0.005451632211259926,2045,56217,3593,3254,0.27,65109,5299,0.08138659785897495
catboost_native,no_socioeconomic,none,grid,0.8974181756746379,0.6570188026063158,0.36981132075471695,0.36988110964332893,0.9441564955693028,0.3698462119067837,0.8419577167036372,0.3393608424682351,0.06298542080782658,0.21870608864724805,0.005451632211259926,1960,56470,3340,3339,0.28,65109,5299,0.08138659785897495
catboost_native,no_socioeconomic,none,grid,0.9000291818335406,0.6490662290686564,0.37683224755700323,0.3493111907907152,0.9488212673465976,0.362550190970522,0.8419577167036372,0.3393608424682351,0.06298542080782658,0.21870608864724805,0.005451632211259926,1851,56749,3061,3448,0.29000000000000004,65109,5299,0.08138659785897495
catboost_native,no_socioeconomic,none,grid,0.9025787525534105,0.6433161544235868,0.3860262008733624,0.3336478580864314,0.9529844507607423,0.3579309646725377,0.8419577167036372,0.3393608424682351,0.06298542080782658,0.21870608864724805,0.005451632211259926,1768,56998,2812,3531,0.3,65109,5299,0.08138659785897495
catboost_native,no_socioeconomic,none,grid,0.9043450214256094,0.6360217606114399,0.39129417271238004,0.31553123230798263,0.9565122889148971,0.3493522774759716,0.8419577167036372,0.3393608424682351,0.06298542080782658,0.21870608864724805,0.005451632211259926,1672,57209,2601,3627,0.31,65109,5299,0.08138659785897495
catboost_native,no_socioeconomic,none,grid,0.9057580365233685,0.6281051031607009,0.3948228198039708,0.2964710322702397,0.959739174051162,0.33865057124380255,0.8419577167036372,0.3393608424682351,0.06298542080782658,0.21870608864724805,0.005451632211259926,1571,57402,2408,3728,0.32,65109,5299,0.08138659785897495
catboost_native,no_socioeconomic,none,grid,0.907616458554117,0.6224088253426534,0.40329551593733115,0.28175127382525006,0.9630663768600568,0.3317409176758138,0.8419577167036372,0.3393608424682351,0.06298542080782658,0.21870608864724805,0.005451632211259926,1493,57601,2209,3806,0.33,65109,5299,0.08138659785897495
catboost_native,no_socioeconomic,none,grid,0.9095209571641402,0.6169956198023943,0.4136522753792299,0.26759765993583695,0.9663935796689517,0.32496848859860206,0.8419577167036372,0.3393608424682351,0.06298542080782658,0.21870608864724805,0.005451632211259926,1418,57800,2010,3881,0.34,65109,5299,0.08138659785897495
catboost_native,no_socioeconomic,none,grid,0.9114561734936798,0.6115131362543633,0.42603174603174604,0.253255331194565,0.9697709413141615,0.31767073026393655,0.8419577167036372,0.3393608424682351,0.06298542080782658,0.21870608864724805,0.005451632211259926,1342,58002,1808,3957,0.35000000000000003,65109,5299,0.08138659785897495
catboost_native,no_socioeconomic,none,grid,0.9127770354328895,0.6051802747449707,0.43448275862068964,0.23778071334214002,0.9725798361478014,0.30735455543358947,0.8419577167036372,0.3393608424682351,0.06298542080782658,0.21870608864724805,0.005451632211259926,1260,58170,1640,4039,0.36000000000000004,65109,5299,0.08138659785897495
catboost_native,no_socioeconomic,none,grid,0.9140057442135496,0.598969249639017,0.44360902255639095,0.22268352519343274,0.9752549740846013,0.2965196632742807,0.8419577167036372,0.3393608424682351,0.06298542080782658,0.21870608864724805,0.005451632211259926,1180,58330,1480,4119,0.37,65109,5299,0.08138659785897495
catboost_native,no_socioeconomic,none,grid,0.9149733523783194,0.5931320935494323,0.45161290322580644,0.20871862615587847,0.9775455609429862,0.2854930304594734,0.8419577167036372,0.3393608424682351,0.06298542080782658,0.21870608864724805,0.005451632211259926,1106,58467,1343,4193,0.38,65109,5299,0.08138659785897495
catboost_native,no_socioeconomic,none,grid,0.915864166244298,0.5885431027277389,0.46062472503299606,0.19758444989620683,0.979501755559271,0.2765451664025357,0.8419577167036372,0.3393608424682351,0.06298542080782658,0.21870608864724805,0.005451632211259926,1047,58584,1226,4252,0.39,65109,5299,0.08138659785897495
catboost_native,no_socioeconomic,none,grid,0.916171343439463,0.5815724963990044,0.46190704360325824,0.181921117191923,0.9812238756060859,0.2610343893853236,0.8419577167036372,0.3393608424682351,0.06298542080782658,0.21870608864724805,0.005451632211259926,964,58687,1123,4335,0.4,65109,5299,0.08138659785897495
catboost_native,no_socioeconomic,none,grid,0.9169239275676174,0.5773382554222233,0.47150259067357514,0.17173051519154559,0.9829459956529009,0.2517637294231567,0.8419577167036372,0.3393608424682351,0.06298542080782658,0.21870608864724805,0.005451632211259926,910,58790,1020,4389,0.41000000000000003,65109,5299,0.08138659785897495
catboost_native,no_socioeconomic,none,grid,0.9176918705555299,0.5725963885322329,0.48295454545454547,0.1604076240800151,0.9847851529844508,0.24082731265051707,0.8419577167036372,0.3393608424682351,0.06298542080782658,0.21870608864724805,0.005451632211259926,850,58900,910,4449,0.42000000000000004,65109,5299,0.08138659785897495
catboost_native,no_socioeconomic,none,grid,0.918183354067794,0.567274057033913,0.49123904881101377,0.14814115870919042,0.9864069553586357,0.22763520371175874,0.8419577167036372,0.3393608424682351,0.06298542080782658,0.21870608864724805,0.005451632211259926,785,58997,813,4514,0.43,65109,5299,0.08138659785897495
catboost_native,no_socioeconomic,none,grid,0.9184598135434425,0.5620926811104889,0.4965659340659341,0.13644083789394226,0.9877445243270356,0.2140636565507032,0.8419577167036372,0.3393608424682351,0.06298542080782658,0.21870608864724805,0.005451632211259926,723,59077,733,4576,0.44,65109,5299,0.08138659785897495
catboost_native,no_socioeconomic,none,grid,0.9187823495983658,0.5574523703244838,0.5041572184429327,0.12587280618984714,0.9890319344591205,0.20144971307762005,0.8419577167036372,0.3393608424682351,0.06298542080782658,0.21870608864724805,0.005451632211259926,667,59154,656,4632,0.45,65109,5299,0.08138659785897495
catboost_native,no_socioeconomic,none,grid,0.9190280913544978,0.5537162343268623,0.5110928512736237,0.11738063785619929,0.9900518307975255,0.19091467157765502,0.8419577167036372,0.3393608424682351,0.06298542080782658,0.21870608864724805,0.005451632211259926,622,59215,595,4677,0.46,65109,5299,0.08138659785897495
catboost_native,no_socioeconomic,none,grid,0.9193352685496629,0.5502715304130816,0.5211141060197664,0.10945461407812795,0.9910884467480354,0.18091079226450404,0.8419577167036372,0.3393608424682351,0.06298542080782658,0.21870608864724805,0.005451632211259926,580,59277,533,4719,0.47000000000000003,65109,5299,0.08138659785897495
catboost_native,no_socioeconomic,none,grid,0.9197345989033774,0.5467909877157391,0.5364635364635365,0.10133987544819777,0.9922420999832804,0.17047619047619048,0.8419577167036372,0.3393608424682351,0.06298542080782658,0.21870608864724805,0.005451632211259926,537,59346,464,4762,0.48000000000000004,65109,5299,0.08138659785897495
catboost_native,no_socioeconomic,none,grid,0.9200417760985424,0.5436902742814661,0.5513812154696133,0.0941687110775618,0.9932118374853703,0.16086395873629916,0.8419577167036372,0.3393608424682351,0.06298542080782658,0.21870608864724805,0.005451632211259926,499,59404,406,4800,0.49,65109,5299,0.08138659785897495
catboost_native,no_socioeconomic,none,grid,0.9203796710132239,0.5404342852195443,0.5716064757160647,0.08662011700320815,0.9942484534358803,0.1504424778761062,0.8419577167036372,0.3393608424682351,0.06298542080782658,0.21870608864724805,0.005451632211259926,459,59466,344,4840,0.5,65109,5299,0.08138659785897495
catboost_native,no_socioeconomic,none,grid,0.9203796710132239,0.5373383709039751,0.5786593707250342,0.07982638233628987,0.9948503594716602,0.14029850746268657,0.8419577167036372,0.3393608424682351,0.06298542080782658,0.21870608864724805,0.005451632211259926,423,59502,308,4876,0.51,65109,5299,0.08138659785897495
catboost_native,no_socioeconomic,none,grid,0.920441106452257,0.5341039005728621,0.5913978494623656,0.0726552179656539,0.9955525831800702,0.12941176470588237,0.8419577167036372,0.3393608424682351,0.06298542080782658,0.21870608864724805,0.005451632211259926,385,59544,266,4914,0.52,65109,5299,0.08138659785897495
catboost_native,no_socioeconomic,none,grid,0.9203643121534657,0.5306221967475228,0.5989583333333334,0.06510662389130024,0.9961377696037452,0.1174468085106383,0.8419577167036372,0.3393608424682351,0.06298542080782658,0.21870608864724805,0.005451632211259926,345,59579,231,4954,0.53,65109,5299,0.08138659785897495
catboost_native,no_socioeconomic,none,grid,0.9203950298729823,0.5283169806229508,0.6115384615384616,0.06001132289111153,0.9966226383547901,0.10929713009108094,0.8419577167036372,0.3393608424682351,0.06298542080782658,0.21870608864724805,0.005451632211259926,318,59608,202,4981,0.54,65109,5299,0.08138659785897495
catboost_native,no_socioeconomic,none,grid,0.9203335944339492,0.5261336009018178,0.6181434599156118,0.0552934515946405,0.9969737502089951,0.10150701541659449,0.8419577167036372,0.3393608424682351,0.06298542080782658,0.21870608864724805,0.005451632211259926,293,59629,181,5006,0.55,65109,5299,0.08138659785897495
catboost_native,no_socioeconomic,none,grid,0.9202414412753998,0.523761506328826,0.6244131455399061,0.05019815059445178,0.9973248620632001,0.09292576419213974,0.8419577167036372,0.3393608424682351,0.06298542080782658,0.21870608864724805,0.005451632211259926,266,59650,160,5033,0.56,65109,5299,0.08138659785897495
catboost_native,no_socioeconomic,none,grid,0.920256800135158,0.5222219089770939,0.6375321336760925,0.04680128326099264,0.9976425346931951,0.08720112517580872,0.8419577167036372,0.3393608424682351,0.06298542080782658,0.21870608864724805,0.005451632211259926,248,59669,141,5051,0.5700000000000001,65109,5299,0.08138659785897495
catboost_native,no_socioeconomic,none,grid,0.9200571349583007,0.5197052981418576,0.6358381502890174,0.04151726740894508,0.9978933288747701,0.07794508414526129,0.8419577167036372,0.3393608424682351,0.06298542080782658,0.21870608864724805,0.005451632211259926,220,59684,126,5079,0.5800000000000001,65109,5299,0.08138659785897495
catboost_native,no_socioeconomic,none,grid,0.9199956995192677,0.5176079160406015,0.6490066225165563,0.036988110964332896,0.9982277211168701,0.06998750223174433,0.8419577167036372,0.3393608424682351,0.06298542080782658,0.21870608864724805,0.005451632211259926,196,59704,106,5103,0.59,65109,5299,0.08138659785897495
catboost_native,no_socioeconomic,none,grid,0.9198728286412017,0.5155630923350123,0.6553030303030303,0.03264766937157954,0.9984785152984451,0.06219665648031637,0.8419577167036372,0.3393608424682351,0.06298542080782658,0.21870608864724805,0.005451632211259926,173,59719,91,5126,0.6,65109,5299,0.08138659785897495
catboost_native,no_socioeconomic,none,grid,0.9197192400436192,0.5135875466371951,0.6565217391304348,0.028495942630685035,0.998679150643705,0.05462108880448544,0.8419577167036372,0.3393608424682351,0.06298542080782658,0.21870608864724805,0.005451632211259926,151,59731,79,5148,0.61,65109,5299,0.08138659785897495
catboost_native,no_socioeconomic,none,grid,0.9196731634643444,0.5124444981606375,0.6666666666666666,0.0260426495565201,0.998846346764755,0.05012713403559753,0.8419577167036372,0.3393608424682351,0.06298542080782658,0.21870608864724805,0.005451632211259926,138,59741,69,5161,0.62,65109,5299,0.08138659785897495
catboost_native,no_socioeconomic,none,grid,0.9197038811838609,0.5108272629950811,0.7125748502994012,0.022457067371202115,0.99919745861896,0.04354189535309184,0.8419577167036372,0.3393608424682351,0.06298542080782658,0.21870608864724805,0.005451632211259926,119,59762,48,5180,0.63,65109,5299,0.08138659785897495
catboost_native,no_socioeconomic,none,grid,0.9195349337265202,0.5094453408303498,0.7027027027027027,0.019626344593319495,0.99926433706738,0.03818615751789976,0.8419577167036372,0.3393608424682351,0.06298542080782658,0.21870608864724805,0.005451632211259926,104,59766,44,5195,0.64,65109,5299,0.08138659785897495
catboost_native,no_socioeconomic,none,grid,0.9195042160070036,0.5085686450194756,0.7230769230769231,0.01773919607473108,0.9993980939642201,0.034628845091177016,0.8419577167036372,0.3393608424682351,0.06298542080782658,0.21870608864724805,0.005451632211259926,94,59774,36,5205,0.65,65109,5299,0.08138659785897495
catboost_native,no_socioeconomic,none,grid,0.9193813451289377,0.5073837975126556,0.7232142857142857,0.015285903000566144,0.999481692024745,0.02993901312141933,0.8419577167036372,0.3393608424682351,0.06298542080782658,0.21870608864724805,0.005451632211259926,81,59779,31,5218,0.66,65109,5299,0.08138659785897495
catboost_native,no_socioeconomic,none,grid,0.9193506274094211,0.5065930993216583,0.75,0.013587469333836573,0.99959872930948,0.026691380908248376,0.8419577167036372,0.3393608424682351,0.06298542080782658,0.21870608864724805,0.005451632211259926,72,59786,24,5227,0.67,65109,5299,0.08138659785897495
catboost_native,no_socioeconomic,none,grid,0.9191970388118386,0.5053915322027334,0.7375,0.011134176259671636,0.999648888145795,0.02193716304145752,0.8419577167036372,0.3393608424682351,0.06298542080782658,0.21870608864724805,0.005451632211259926,59,59789,21,5240,0.68,65109,5299,0.08138659785897495
catboost_native,no_socioeconomic,none,grid,0.9191202445130473,0.5044897569737017,0.7538461538461538,0.009247027741083224,0.99973248620632,0.018269947800149143,0.8419577167036372,0.3393608424682351,0.06298542080782658,0.21870608864724805,0.005451632211259926,49,59794,16,5250,0.6900000000000001,65109,5299,0.08138659785897495
catboost_native,no_socioeconomic,none,grid,0.9191048856532891,0.5040514090682645,0.7857142857142857,0.008303453481789017,0.9997993646547401,0.016433239962651728,0.8419577167036372,0.3393608424682351,0.06298542080782658,0.21870608864724805,0.005451632211259926,44,59798,12,5255,0.7000000000000001,65109,5299,0.08138659785897495
catboost_native,no_socioeconomic,none,grid,0.9190895267935308,0.5035270635429505,0.8444444444444444,0.007171164370635969,0.999882962715265,0.014221556886227544,0.8419577167036372,0.3393608424682351,0.06298542080782658,0.21870608864724805,0.005451632211259926,38,59803,7,5261,0.7100000000000001,65109,5299,0.08138659785897495
catboost_native,no_socioeconomic,none,grid,0.9190127324947396,0.5029692787934265,0.8421052631578947,0.006038875259482921,0.99989968232737,0.011991755667978264,0.8419577167036372,0.3393608424682351,0.06298542080782658,0.21870608864724805,0.005451632211259926,32,59804,6,5267,0.72,65109,5299,0.08138659785897495
catboost_native,no_socioeconomic,none,grid,0.9189973736349814,0.5027889237476201,0.8571428571428571,0.005661445555765239,0.999916401939475,0.01124859392575928,0.8419577167036372,0.3393608424682351,0.06298542080782658,0.21870608864724805,0.005451632211259926,30,59805,5,5269,0.73,65109,5299,0.08138659785897495
catboost_native,no_socioeconomic,none,grid,0.9189973736349814,0.5027889237476201,0.8571428571428571,0.005661445555765239,0.999916401939475,0.01124859392575928,0.8419577167036372,0.3393608424682351,0.06298542080782658,0.21870608864724805,0.005451632211259926,30,59805,5,5269,0.74,65109,5299,0.08138659785897495
catboost_native,no_socioeconomic,none,grid,0.9189359381959483,0.5021535011842717,0.92,0.0043404415927533494,0.99996656077579,0.008640120210368144,0.8419577167036372,0.3393608424682351,0.06298542080782658,0.21870608864724805,0.005451632211259926,23,59808,2,5276,0.75,65109,5299,0.08138659785897495
catboost_native,no_socioeconomic,none,grid,0.9189205793361901,0.5020591437583423,0.9166666666666666,0.004151726740894509,0.99996656077579,0.00826601540484689,0.8419577167036372,0.3393608424682351,0.06298542080782658,0.21870608864724805,0.005451632211259926,22,59808,2,5277,0.76,65109,5299,0.08138659785897495
catboost_native,no_socioeconomic,none,grid,0.9188898616166736,0.5017844312866064,0.95,0.0035855821853179844,0.999983280387895,0.007144200037601053,0.8419577167036372,0.3393608424682351,0.06298542080782658,0.21870608864724805,0.005451632211259926,19,59809,1,5280,0.77,65109,5299,0.08138659785897495
catboost_native,no_socioeconomic,none,grid,0.9188437850373988,0.5015013590088182,0.9411764705882353,0.0030194376297414606,0.999983280387895,0.006019563581640331,0.8419577167036372,0.3393608424682351,0.06298542080782658,0.21870608864724805,0.005451632211259926,16,59809,1,5283,0.78,65109,5299,0.08138659785897495
catboost_native,no_socioeconomic,none,grid,0.9187669907386076,0.5010295718791711,0.9166666666666666,0.0020758633704472543,0.999983280387895,0.004142346074185652,0.8419577167036372,0.3393608424682351,0.06298542080782658,0.21870608864724805,0.005451632211259926,11,59809,1,5288,0.79,65109,5299,0.08138659785897495
catboost_native,no_socioeconomic,none,grid,0.9187516318788493,0.5008492168333648,1.0,0.0016984336667295716,1.0,0.003391107761868877,0.8419577167036372,0.3393608424682351,0.06298542080782658,0.21870608864724805,0.005451632211259926,9,59810,0,5290,0.8,65109,5299,0.08138659785897495
catboost_native,no_socioeconomic,none,grid,0.9186748375800581,0.5003774297037177,1.0,0.0007548594074353652,1.0,0.0015085800490288515,0.8419577167036372,0.3393608424682351,0.06298542080782658,0.21870608864724805,0.005451632211259926,4,59810,0,5295,0.81,65109,5299,0.08138659785897495
catboost_native,no_socioeconomic,none,grid,0.9186441198605415,0.5001887148518589,1.0,0.0003774297037176826,1.0,0.0007545746085644218,0.8419577167036372,0.3393608424682351,0.06298542080782658,0.21870608864724805,0.005451632211259926,2,59810,0,5297,0.8200000000000001,65109,5299,0.08138659785897495
catboost_native,no_socioeconomic,none,grid,0.9186441198605415,0.5001887148518589,1.0,0.0003774297037176826,1.0,0.0007545746085644218,0.8419577167036372,0.3393608424682351,0.06298542080782658,0.21870608864724805,0.005451632211259926,2,59810,0,5297,0.8300000000000001,65109,5299,0.08138659785897495
catboost_native,no_socioeconomic,none,grid,0.9186287610007833,0.5000943574259294,1.0,0.0001887148518588413,1.0,0.0003773584905660377,0.8419577167036372,0.3393608424682351,0.06298542080782658,0.21870608864724805,0.005451632211259926,1,59810,0,5298,0.8400000000000001,65109,5299,0.08138659785897495
catboost_native,no_socioeconomic,none,grid,0.918613402141025,0.5,0.0,0.0,1.0,0.0,0.8419577167036372,0.3393608424682351,0.06298542080782658,0.21870608864724805,0.005451632211259926,0,59810,0,5299,0.85,65109,5299,0.08138659785897495
catboost_native,no_socioeconomic,none,grid,0.918613402141025,0.5,0.0,0.0,1.0,0.0,0.8419577167036372,0.3393608424682351,0.06298542080782658,0.21870608864724805,0.005451632211259926,0,59810,0,5299,0.86,65109,5299,0.08138659785897495
catboost_native,no_socioeconomic,none,grid,0.918613402141025,0.5,0.0,0.0,1.0,0.0,0.8419577167036372,0.3393608424682351,0.06298542080782658,0.21870608864724805,0.005451632211259926,0,59810,0,5299,0.87,65109,5299,0.08138659785897495
catboost_native,no_socioeconomic,none,grid,0.918613402141025,0.5,0.0,0.0,1.0,0.0,0.8419577167036372,0.3393608424682351,0.06298542080782658,0.21870608864724805,0.005451632211259926,0,59810,0,5299,0.88,65109,5299,0.08138659785897495
catboost_native,no_socioeconomic,none,grid,0.918613402141025,0.5,0.0,0.0,1.0,0.0,0.8419577167036372,0.3393608424682351,0.06298542080782658,0.21870608864724805,0.005451632211259926,0,59810,0,5299,0.89,65109,5299,0.08138659785897495
catboost_native,no_socioeconomic,none,grid,0.918613402141025,0.5,0.0,0.0,1.0,0.0,0.8419577167036372,0.3393608424682351,0.06298542080782658,0.21870608864724805,0.005451632211259926,0,59810,0,5299,0.9,65109,5299,0.08138659785897495
catboost_native,no_socioeconomic,none,grid,0.918613402141025,0.5,0.0,0.0,1.0,0.0,0.8419577167036372,0.3393608424682351,0.06298542080782658,0.21870608864724805,0.005451632211259926,0,59810,0,5299,0.91,65109,5299,0.08138659785897495
catboost_native,no_socioeconomic,none,grid,0.918613402141025,0.5,0.0,0.0,1.0,0.0,0.8419577167036372,0.3393608424682351,0.06298542080782658,0.21870608864724805,0.005451632211259926,0,59810,0,5299,0.92,65109,5299,0.08138659785897495
catboost_native,no_socioeconomic,none,grid,0.918613402141025,0.5,0.0,0.0,1.0,0.0,0.8419577167036372,0.3393608424682351,0.06298542080782658,0.21870608864724805,0.005451632211259926,0,59810,0,5299,0.93,65109,5299,0.08138659785897495
catboost_native,no_socioeconomic,none,grid,0.918613402141025,0.5,0.0,0.0,1.0,0.0,0.8419577167036372,0.3393608424682351,0.06298542080782658,0.21870608864724805,0.005451632211259926,0,59810,0,5299,0.9400000000000001,65109,5299,0.08138659785897495
catboost_native,no_socioeconomic,none,grid,0.918613402141025,0.5,0.0,0.0,1.0,0.0,0.8419577167036372,0.3393608424682351,0.06298542080782658,0.21870608864724805,0.005451632211259926,0,59810,0,5299,0.9500000000000001,65109,5299,0.08138659785897495
catboost_native,no_socioeconomic,none,grid,0.918613402141025,0.5,0.0,0.0,1.0,0.0,0.8419577167036372,0.3393608424682351,0.06298542080782658,0.21870608864724805,0.005451632211259926,0,59810,0,5299,0.9600000000000001,65109,5299,0.08138659785897495
catboost_native,no_socioeconomic,none,grid,0.918613402141025,0.5,0.0,0.0,1.0,0.0,0.8419577167036372,0.3393608424682351,0.06298542080782658,0.21870608864724805,0.005451632211259926,0,59810,0,5299,0.97,65109,5299,0.08138659785897495
catboost_native,no_socioeconomic,none,grid,0.918613402141025,0.5,0.0,0.0,1.0,0.0,0.8419577167036372,0.3393608424682351,0.06298542080782658,0.21870608864724805,0.005451632211259926,0,59810,0,5299,0.98,65109,5299,0.08138659785897495
catboost_native,no_socioeconomic,none,grid,0.918613402141025,0.5,0.0,0.0,1.0,0.0,0.8419577167036372,0.3393608424682351,0.06298542080782658,0.21870608864724805,0.005451632211259926,0,59810,0,5299,0.99,65109,5299,0.08138659785897495
catboost_native,no_socioeconomic,none,default_0.50,0.9203796710132239,0.5404342852195443,0.5716064757160647,0.08662011700320815,0.9942484534358803,0.1504424778761062,0.8419577167036372,0.3393608424682351,0.06298542080782658,0.21870608864724805,0.005451632211259926,459,59466,344,4840,0.5,65109,5299,0.08138659785897495
catboost_native,no_socioeconomic,none,maximum_validation_F1,0.8696647160914773,0.7070128313162783,0.31516065421644823,0.5127382525004718,0.9012874101320849,0.3903735632183908,0.8419577167036372,0.3393608424682351,0.06298542080782658,0.21870608864724805,0.005451632211259926,2717,53906,5904,2582,0.20943938491134126,65109,5299,0.08138659785897495
catboost_native,no_socioeconomic,none,maximum_Youden_J,0.7251685634858468,0.7651859891985437,0.2031021639715242,0.8129835818078883,0.7173883965891992,0.3250094304036213,0.8419577167036372,0.3393608424682351,0.06298542080782658,0.21870608864724805,0.005451632211259926,4308,42907,16903,991,0.08256882571678677,65109,5299,0.08138659785897495
catboost_native,no_socioeconomic,none,approximately_80pct_recall,0.7352593343470181,0.7647445460035284,0.2076312695924765,0.7999622570296282,0.7295268349774285,0.32969084192105774,0.8419577167036372,0.3393608424682351,0.06298542080782658,0.21870608864724805,0.005451632211259926,4239,43633,16177,1060,0.08757439013898735,65109,5299,0.08138659785897495
catboost_native,no_socioeconomic,none,approximately_90pct_recall,0.6182248229891413,0.7466215624182497,0.1639056915039868,0.8999811285148142,0.5932619963216853,0.2773077482192179,0.8419577167036372,0.3393608424682351,0.06298542080782658,0.21870608864724805,0.005451632211259926,4769,35483,24327,530,0.045767086681139546,65109,5299,0.08138659785897495
catboost_native_tuned,no_temporal_proxies,none,grid,0.2705309557818428,0.5982211424433017,0.09953686128615899,0.9896206831477637,0.20682160173883965,0.1808806029353431,0.8214068491848392,0.28770784069250316,0.06541547254153342,0.2281908135256105,0.00496783467196179,5244,12370,47440,55,0.01,65109,5299,0.08138659785897495
catboost_native_tuned,no_temporal_proxies,none,grid,0.41703911901580426,0.6690215799108954,0.11971027319095419,0.9699943385544443,0.3680488212673466,0.21311883240733062,0.8214068491848392,0.28770784069250316,0.06541547254153342,0.2281908135256105,0.00496783467196179,5140,22013,37797,159,0.02,65109,5299,0.08138659785897495
catboost_native_tuned,no_temporal_proxies,none,grid,0.4954614569414367,0.6988071066334202,0.13295675574858118,0.9416871107756181,0.4559271024912222,0.23301424235349055,0.8214068491848392,0.28770784069250316,0.06541547254153342,0.2281908135256105,0.00496783467196179,4990,27269,32541,309,0.03,65109,5299,0.08138659785897495
catboost_native_tuned,no_temporal_proxies,none,grid,0.5538251240227926,0.7198246671483034,0.1453062931214719,0.9180977542932629,0.5215515800033439,0.2509025270758123,0.8214068491848392,0.28770784069250316,0.06541547254153342,0.2281908135256105,0.00496783467196179,4865,31194,28616,434,0.04,65109,5299,0.08138659785897495
catboost_native_tuned,no_temporal_proxies,none,grid,0.5973214148581609,0.7321479520652286,0.15576764851077834,0.8931873938478958,0.5711085102825615,0.26527295146284047,0.8214068491848392,0.28770784069250316,0.06541547254153342,0.2281908135256105,0.00496783467196179,4733,34158,25652,566,0.05,65109,5299,0.08138659785897495
catboost_native_tuned,no_temporal_proxies,none,grid,0.634505214332888,0.7412073519343304,0.1661492925209356,0.8686544631062465,0.6137602407624143,0.2789443383934794,0.8214068491848392,0.28770784069250316,0.06541547254153342,0.2281908135256105,0.00496783467196179,4603,36709,23101,696,0.060000000000000005,65109,5299,0.08138659785897495
catboost_native_tuned,no_temporal_proxies,none,grid,0.6657758528006881,0.7441243073974044,0.17517758484609314,0.8377052274013965,0.6505433873934124,0.2897614151897908,0.8214068491848392,0.28770784069250316,0.06541547254153342,0.2281908135256105,0.00496783467196179,4439,38909,20901,860,0.06999999999999999,65109,5299,0.08138659785897495
catboost_native_tuned,no_temporal_proxies,none,grid,0.692515627639804,0.7478430296303142,0.18473465541611342,0.8139271560671825,0.6817589031934459,0.3011240661872513,0.8214068491848392,0.28770784069250316,0.06541547254153342,0.2281908135256105,0.00496783467196179,4313,40776,19034,986,0.08,65109,5299,0.08138659785897495
catboost_native_tuned,no_temporal_proxies,none,grid,0.7157075058747638,0.746964710448912,0.19309575802629744,0.7842989243253444,0.7096304965724796,0.30989486242636644,0.8214068491848392,0.28770784069250316,0.06541547254153342,0.2281908135256105,0.00496783467196179,4156,42443,17367,1143,0.09,65109,5299,0.08138659785897495
catboost_native_tuned,no_temporal_proxies,none,grid,0.7376245987497888,0.7465104964235523,0.20254442649434573,0.7571239856576713,0.7358970071894332,0.31959214561676025,0.8214068491848392,0.28770784069250316,0.06541547254153342,0.2281908135256105,0.00496783467196179,4012,44014,15796,1287,0.09999999999999999,65109,5299,0.08138659785897495
catboost_native_tuned,no_temporal_proxies,none,grid,0.7557787709840421,0.7417721917985302,0.21010609209231107,0.7250424608416682,0.7585019227553921,0.3258002967988128,0.8214068491848392,0.28770784069250316,0.06541547254153342,0.2281908135256105,0.00496783467196179,3842,45366,14444,1457,0.11,65109,5299,0.08138659785897495
catboost_native_tuned,no_temporal_proxies,none,grid,0.7730267704925586,0.7378306229145644,0.21877410550050436,0.6957916588035479,0.779869587025581,0.3328819068255688,0.8214068491848392,0.28770784069250316,0.06541547254153342,0.2281908135256105,0.00496783467196179,3687,46644,13166,1612,0.12,65109,5299,0.08138659785897495
catboost_native_tuned,no_temporal_proxies,none,grid,0.7881552473544364,0.7315314341170769,0.2265292981326465,0.6638988488394036,0.79916401939475,0.337798262038504,0.8214068491848392,0.28770784069250316,0.06541547254153342,0.2281908135256105,0.00496783467196179,3518,47798,12012,1781,0.13,65109,5299,0.08138659785897495
catboost_native_tuned,no_temporal_proxies,none,grid,0.8027461641247754,0.7283795569028286,0.23662896243541404,0.6395546329496131,0.8172044808560441,0.34544620559604505,0.8214068491848392,0.28770784069250316,0.06541547254153342,0.2281908135256105,0.00496783467196179,3389,48877,10933,1910,0.14,65109,5299,0.08138659785897495
catboost_native_tuned,no_temporal_proxies,none,grid,0.8153097114070251,0.7212862638337121,0.24484066767830046,0.6089828269484808,0.8335897007189433,0.3492613236647005,0.8214068491848392,0.28770784069250316,0.06541547254153342,0.2281908135256105,0.00496783467196179,3227,49857,9953,2072,0.15000000000000002,65109,5299,0.08138659785897495
catboost_native_tuned,no_temporal_proxies,none,grid,0.8261530663963508,0.7130846772469617,0.252181788243043,0.5780335912436309,0.8481357632502926,0.3511607910576096,0.8214068491848392,0.28770784069250316,0.06541547254153342,0.2281908135256105,0.00496783467196179,3063,50727,9083,2236,0.16,65109,5299,0.08138659785897495
catboost_native_tuned,no_temporal_proxies,none,grid,0.8362284783977637,0.7035191265389402,0.259245960502693,0.5450084921683337,0.8620297609095469,0.35135957175010646,0.8214068491848392,0.28770784069250316,0.06541547254153342,0.2281908135256105,0.00496783467196179,2888,51558,8252,2411,0.17,65109,5299,0.08138659785897495
catboost_native_tuned,no_temporal_proxies,none,grid,0.8455513062710225,0.6952638977318848,0.267338354690404,0.5157576901302132,0.8747701053335563,0.35214534209509085,0.8214068491848392,0.28770784069250316,0.06541547254153342,0.2281908135256105,0.00496783467196179,2733,52320,7490,2566,0.18000000000000002,65109,5299,0.08138659785897495
catboost_native_tuned,no_temporal_proxies,none,grid,0.8536915019428958,0.688342909115956,0.2758510976773783,0.4908473296848462,0.8858384885470657,0.35320478001086364,0.8214068491848392,0.28770784069250316,0.06541547254153342,0.2281908135256105,0.00496783467196179,2601,52982,6828,2698,0.19,65109,5299,0.08138659785897495
catboost_native_tuned,no_temporal_proxies,none,grid,0.861463084980571,0.6807912970553825,0.2848884264076772,0.46499339498018494,0.8965891991305802,0.35331230283911674,0.8214068491848392,0.28770784069250316,0.06541547254153342,0.2281908135256105,0.00496783467196179,2464,53625,6185,2835,0.2,65109,5299,0.08138659785897495
catboost_native_tuned,no_temporal_proxies,none,grid,0.8680213180973445,0.673267241275677,0.2931943746860874,0.4406491790903944,0.9058853034609597,0.352107366357536,0.8214068491848392,0.28770784069250316,0.06541547254153342,0.2281908135256105,0.00496783467196179,2335,54181,5629,2964,0.21000000000000002,65109,5299,0.08138659785897495
catboost_native_tuned,no_temporal_proxies,none,grid,0.8732894069944247,0.6627190260508847,0.29812559857709675,0.41120966220041516,0.9142283899013542,0.3456535532994924,0.8214068491848392,0.28770784069250316,0.06541547254153342,0.2281908135256105,0.00496783467196179,2179,54680,5130,3120,0.22,65109,5299,0.08138659785897495
catboost_native_tuned,no_temporal_proxies,none,grid,0.878373189574406,0.65465042174977,0.30523342253939933,0.38743159086620116,0.9218692526333389,0.34145530145530145,0.8214068491848392,0.28770784069250316,0.06541547254153342,0.2281908135256105,0.00496783467196179,2053,55137,4673,3246,0.23,65109,5299,0.08138659785897495
catboost_native_tuned,no_temporal_proxies,none,grid,0.8835184075934203,0.6475612304915115,0.31455932478493753,0.3657293829024344,0.9293930780805886,0.3382198952879581,0.8214068491848392,0.28770784069250316,0.06541547254153342,0.2281908135256105,0.00496783467196179,1938,55587,4223,3361,0.24000000000000002,65109,5299,0.08138659785897495
catboost_native_tuned,no_temporal_proxies,none,grid,0.8876038642891152,0.639379226896369,0.3214222536706174,0.34289488582751465,0.9358635679652232,0.3318115412710007,0.8214068491848392,0.28770784069250316,0.06541547254153342,0.2281908135256105,0.00496783467196179,1817,55974,3836,3482,0.25,65109,5299,0.08138659785897495
catboost_native_tuned,no_temporal_proxies,none,grid,0.8912285551920626,0.6312904195991591,0.3279953694771368,0.3208152481600302,0.9417655910382879,0.3243655790879603,0.8214068491848392,0.28770784069250316,0.06541547254153342,0.2281908135256105,0.00496783467196179,1700,56327,3483,3599,0.26,65109,5299,0.08138659785897495
catboost_native_tuned,no_temporal_proxies,none,grid,0.8948993226742846,0.6243446607785066,0.33699324324324326,0.3011889035667107,0.9475004179903026,0.31808669656203287,0.8214068491848392,0.28770784069250316,0.06541547254153342,0.2281908135256105,0.00496783467196179,1596,56670,3140,3703,0.27,65109,5299,0.08138659785897495
catboost_native_tuned,no_temporal_proxies,none,grid,0.898093965504001,0.6168817551105961,0.34515530829856284,0.2809964144178147,0.9527670958033774,0.30978882762925203,0.8214068491848392,0.28770784069250316,0.06541547254153342,0.2281908135256105,0.00496783467196179,1489,56985,2825,3810,0.28,65109,5299,0.08138659785897495
catboost_native_tuned,no_temporal_proxies,none,grid,0.9006742539433873,0.6096864405397238,0.3520020273694881,0.26212492923193054,0.9572479518475171,0.3004867495943753,0.8214068491848392,0.28770784069250316,0.06541547254153342,0.2281908135256105,0.00496783467196179,1389,57253,2557,3910,0.29000000000000004,65109,5299,0.08138659785897495
catboost_native_tuned,no_temporal_proxies,none,grid,0.9036231550169715,0.6032937446532501,0.3632286995515695,0.2445744480090583,0.9620130412974419,0.2923198376000902,0.8214068491848392,0.28770784069250316,0.06541547254153342,0.2281908135256105,0.00496783467196179,1296,57538,2272,4003,0.3,65109,5299,0.08138659785897495
catboost_native_tuned,no_temporal_proxies,none,grid,0.9054508593282035,0.5959467924454362,0.3683563748079877,0.2262691073787507,0.9656244775121218,0.2803366845920037,0.8214068491848392,0.28770784069250316,0.06541547254153342,0.2281908135256105,0.00496783467196179,1199,57754,2056,4100,0.31,65109,5299,0.08138659785897495
catboost_native_tuned,no_temporal_proxies,none,grid,0.9074475110967761,0.5891217862035844,0.3764025841550493,0.2089073410077373,0.9693362313994315,0.26868932038834953,0.8214068491848392,0.28770784069250316,0.06541547254153342,0.2281908135256105,0.00496783467196179,1107,57976,1834,4192,0.32,65109,5299,0.08138659785897495
catboost_native_tuned,no_temporal_proxies,none,grid,0.9092291388287334,0.5826957283962592,0.3848473426309838,0.19267786374787696,0.9727135930446413,0.2567907444668008,0.8214068491848392,0.28770784069250316,0.06541547254153342,0.2281908135256105,0.00496783467196179,1021,58178,1632,4278,0.33,65109,5299,0.08138659785897495
catboost_native_tuned,no_temporal_proxies,none,grid,0.9105653596277012,0.5755112504941499,0.3900083963056255,0.17531609737686357,0.9757064036114362,0.24189558651217288,0.8214068491848392,0.28770784069250316,0.06541547254153342,0.2281908135256105,0.00496783467196179,929,58357,1453,4370,0.34,65109,5299,0.08138659785897495
catboost_native_tuned,no_temporal_proxies,none,grid,0.9121473221828011,0.5712124533249421,0.40250115794349234,0.1639932062653331,0.9784317003845511,0.23303834808259588,0.8214068491848392,0.28770784069250316,0.06541547254153342,0.2281908135256105,0.00496783467196179,869,58520,1290,4430,0.35000000000000003,65109,5299,0.08138659785897495
catboost_native_tuned,no_temporal_proxies,none,grid,0.9133145955244283,0.5655699723339168,0.4109447599380485,0.15021702207963766,0.9809229225881959,0.22001105583195135,0.8214068491848392,0.28770784069250316,0.06541547254153342,0.2281908135256105,0.00496783467196179,796,58669,1141,4503,0.36000000000000004,65109,5299,0.08138659785897495
catboost_native_tuned,no_temporal_proxies,none,grid,0.9144972277258137,0.5605378344880825,0.4224537037037037,0.13776184185695414,0.9833138271192108,0.20777002988473034,0.8214068491848392,0.28770784069250316,0.06541547254153342,0.2281908135256105,0.00496783467196179,730,58812,998,4569,0.37,65109,5299,0.08138659785897495
catboost_native_tuned,no_temporal_proxies,none,grid,0.9154034004515504,0.5557852082326877,0.43244990303813835,0.12625023589356482,0.9853201805718107,0.19544259421560034,0.8214068491848392,0.28770784069250316,0.06541547254153342,0.2281908135256105,0.00496783467196179,669,58932,878,4630,0.38,65109,5299,0.08138659785897495
catboost_native_tuned,no_temporal_proxies,none,grid,0.915802730805265,0.5500687274185452,0.43383947939262474,0.11322891111530478,0.9869085437217856,0.17958695001496558,0.8214068491848392,0.28770784069250316,0.06541547254153342,0.2281908135256105,0.00496783467196179,600,59027,783,4699,0.39,65109,5299,0.08138659785897495
catboost_native_tuned,no_temporal_proxies,none,grid,0.9165092383541446,0.5461533975031141,0.444624090541633,0.10379316852236271,0.9885136264838655,0.16829865361077112,0.8214068491848392,0.28770784069250316,0.06541547254153342,0.2281908135256105,0.00496783467196179,550,59123,687,4749,0.4,65109,5299,0.08138659785897495
catboost_native_tuned,no_temporal_proxies,none,grid,0.9167396212505183,0.5409469421615325,0.4444444444444444,0.09209284770711455,0.9898010366159505,0.15257151789901516,0.8214068491848392,0.28770784069250316,0.06541547254153342,0.2281908135256105,0.00496783467196179,488,59200,610,4811,0.41000000000000003,65109,5299,0.08138659785897495
catboost_native_tuned,no_temporal_proxies,none,grid,0.9169085687078591,0.5361370356951255,0.44295991778006166,0.08133610115116059,0.9909379702390905,0.13743622448979592,0.8214068491848392,0.28770784069250316,0.06541547254153342,0.2281908135256105,0.00496783467196179,431,59268,542,4868,0.42000000000000004,65109,5299,0.08138659785897495
catboost_native_tuned,no_temporal_proxies,none,grid,0.9171543104639912,0.5317989163583656,0.44431418522860494,0.07152292885450084,0.9920749038622304,0.12321196358907673,0.8214068491848392,0.28770784069250316,0.06541547254153342,0.2281908135256105,0.00496783467196179,379,59336,474,4920,0.43,65109,5299,0.08138659785897495
catboost_native_tuned,no_temporal_proxies,none,grid,0.9177686648543212,0.5287794014252657,0.46258503401360546,0.06416304963200604,0.9933957532185254,0.11269472986410341,0.8214068491848392,0.28770784069250316,0.06541547254153342,0.2281908135256105,0.00496783467196179,340,59415,395,4959,0.44,65109,5299,0.08138659785897495
catboost_native_tuned,no_temporal_proxies,none,grid,0.9181372774885193,0.5259701200748335,0.47581903276131043,0.05755802981694659,0.9943822103327202,0.1026936026936027,0.8214068491848392,0.28770784069250316,0.06541547254153342,0.2281908135256105,0.00496783467196179,305,59474,336,4994,0.45,65109,5299,0.08138659785897495
catboost_native_tuned,no_temporal_proxies,none,grid,0.9182601483665853,0.5225970937281765,0.47920433996383366,0.05000943574259294,0.9951847517137602,0.09056732740943267,0.8214068491848392,0.28770784069250316,0.06541547254153342,0.2281908135256105,0.00496783467196179,265,59522,288,5034,0.46,65109,5299,0.08138659785897495
catboost_native_tuned,no_temporal_proxies,none,grid,0.9183983781044095,0.519490420047203,0.4851063829787234,0.043026986223815816,0.9959538538705902,0.07904316172646905,0.8214068491848392,0.28770784069250316,0.06541547254153342,0.2281908135256105,0.00496783467196179,228,59568,242,5071,0.47000000000000003,65109,5299,0.08138659785897495
catboost_native_tuned,no_temporal_proxies,none,grid,0.918367660384893,0.5164637837394057,0.48009950248756217,0.03642196640875637,0.9965056010700551,0.06770741975092089,0.8214068491848392,0.28770784069250316,0.06541547254153342,0.2281908135256105,0.00496783467196179,193,59601,209,5106,0.48000000000000004,65109,5299,0.08138659785897495
catboost_native_tuned,no_temporal_proxies,none,grid,0.9185980432812668,0.514783230812778,0.4985507246376812,0.0324589545197207,0.9971075071058352,0.06094968107725018,0.8214068491848392,0.28770784069250316,0.06541547254153342,0.2281908135256105,0.00496783467196179,172,59637,173,5127,0.49,65109,5299,0.08138659785897495
catboost_native_tuned,no_temporal_proxies,none,grid,0.9188591438971571,0.5136353832175166,0.5268456375838926,0.029628231741838082,0.9976425346931951,0.05610148293728783,0.8214068491848392,0.28770784069250316,0.06541547254153342,0.2281908135256105,0.00496783467196179,157,59669,141,5142,0.5,65109,5299,0.08138659785897495
catboost_native_tuned,no_temporal_proxies,none,grid,0.918797708458124,0.5116239987361374,0.5234375,0.02528779014908473,0.9979602073231901,0.04824482448244825,0.8214068491848392,0.28770784069250316,0.06541547254153342,0.2281908135256105,0.00496783467196179,134,59688,122,5165,0.51,65109,5299,0.08138659785897495
catboost_native_tuned,no_temporal_proxies,none,grid,0.9189205793361901,0.5103149152665267,0.5462962962962963,0.02226835251934327,0.9983614780137101,0.04279238440616501,0.8214068491848392,0.28770784069250316,0.06541547254153342,0.2281908135256105,0.00496783467196179,118,59712,98,5181,0.52,65109,5299,0.08138659785897495
catboost_native_tuned,no_temporal_proxies,none,grid,0.9189052204764319,0.508328610203305,0.5555555555555556,0.01792791092658992,0.99872930948002,0.03473491773308958,0.8214068491848392,0.28770784069250316,0.06541547254153342,0.2281908135256105,0.00496783467196179,95,59734,76,5204,0.53,65109,5299,0.08138659785897495
catboost_native_tuned,no_temporal_proxies,none,grid,0.9189666559154648,0.507330077988992,0.5804195804195804,0.015663332704283828,0.9989968232737001,0.030503491363469314,0.8214068491848392,0.28770784069250316,0.06541547254153342,0.2281908135256105,0.00496783467196179,83,59750,60,5216,0.54,65109,5299,0.08138659785897495
catboost_native_tuned,no_temporal_proxies,none,grid,0.9188745027569153,0.5062479477141539,0.568,0.01339875448197773,0.9990971409463301,0.026179941002949854,0.8214068491848392,0.28770784069250316,0.06541547254153342,0.2281908135256105,0.00496783467196179,71,59756,54,5228,0.55,65109,5299,0.08138659785897495
catboost_native_tuned,no_temporal_proxies,none,grid,0.9188591438971571,0.5052936140894553,0.5769230769230769,0.011322891111530477,0.99926433706738,0.02220988339811216,0.8214068491848392,0.28770784069250316,0.06541547254153342,0.2281908135256105,0.00496783467196179,60,59766,44,5239,0.56,65109,5299,0.08138659785897495
catboost_native_tuned,no_temporal_proxies,none,grid,0.9188898616166736,0.5042783622630372,0.6153846153846154,0.009058312889224382,0.99949841163685,0.017853821833736284,0.8214068491848392,0.28770784069250316,0.06541547254153342,0.2281908135256105,0.00496783467196179,48,59780,30,5251,0.5700000000000001,65109,5299,0.08138659785897495
catboost_native_tuned,no_temporal_proxies,none,grid,0.918797708458124,0.5035402224677068,0.5882352941176471,0.007548594074353651,0.99953185086106,0.014905906465436929,0.8214068491848392,0.28770784069250316,0.06541547254153342,0.2281908135256105,0.00496783467196179,40,59782,28,5259,0.5800000000000001,65109,5299,0.08138659785897495
catboost_native_tuned,no_temporal_proxies,none,grid,0.9188130673178824,0.5030325965544978,0.6181818181818182,0.006416304963200604,0.999648888145795,0.01270078446021666,0.8214068491848392,0.28770784069250316,0.06541547254153342,0.2281908135256105,0.00496783467196179,34,59789,21,5265,0.59,65109,5299,0.08138659785897495
catboost_native_tuned,no_temporal_proxies,none,grid,0.9187516318788493,0.5022251787513955,0.6097560975609756,0.004717871296471032,0.99973248620632,0.009363295880149813,0.8214068491848392,0.28770784069250316,0.06541547254153342,0.2281908135256105,0.00496783467196179,25,59794,16,5274,0.6,65109,5299,0.08138659785897495
catboost_native_tuned,no_temporal_proxies,none,grid,0.9187209141593328,0.501692473420029,0.6129032258064516,0.0035855821853179844,0.9997993646547401,0.007129455909943715,0.8214068491848392,0.28770784069250316,0.06541547254153342,0.2281908135256105,0.00496783467196179,19,59798,12,5280,0.61,65109,5299,0.08138659785897495
catboost_native_tuned,no_temporal_proxies,none,grid,0.9187209141593328,0.5012624853206444,0.6666666666666666,0.002642007926023778,0.999882962715265,0.005263157894736842,0.8214068491848392,0.28770784069250316,0.06541547254153342,0.2281908135256105,0.00496783467196179,14,59803,7,5285,0.62,65109,5299,0.08138659785897495
catboost_native_tuned,no_temporal_proxies,none,grid,0.9187362730190911,0.5010128522670662,0.7857142857142857,0.0020758633704472543,0.999949841163685,0.004140786749482402,0.8214068491848392,0.28770784069250316,0.06541547254153342,0.2281908135256105,0.00496783467196179,11,59807,3,5288,0.63,65109,5299,0.08138659785897495
catboost_native_tuned,no_temporal_proxies,none,grid,0.9187516318788493,0.5010212120731187,0.8461538461538461,0.0020758633704472543,0.99996656077579,0.004141566265060241,0.8214068491848392,0.28770784069250316,0.06541547254153342,0.2281908135256105,0.00496783467196179,11,59808,2,5288,0.64,65109,5299,0.08138659785897495
catboost_native_tuned,no_temporal_proxies,none,grid,0.9187362730190911,0.5008408570273123,0.9,0.0016984336667295716,0.999983280387895,0.0033904690148803917,0.8214068491848392,0.28770784069250316,0.06541547254153342,0.2281908135256105,0.00496783467196179,9,59809,1,5290,0.65,65109,5299,0.08138659785897495
catboost_native_tuned,no_temporal_proxies,none,grid,0.9187209141593328,0.5006605019815059,1.0,0.001321003963011889,1.0,0.002638522427440633,0.8214068491848392,0.28770784069250316,0.06541547254153342,0.2281908135256105,0.00496783467196179,7,59810,0,5292,0.66,65109,5299,0.08138659785897495
catboost_native_tuned,no_temporal_proxies,none,grid,0.9187055552995745,0.5005661445555766,1.0,0.0011322891111530478,1.0,0.0022620169651272385,0.8214068491848392,0.28770784069250316,0.06541547254153342,0.2281908135256105,0.00496783467196179,6,59810,0,5293,0.67,65109,5299,0.08138659785897495
catboost_native_tuned,no_temporal_proxies,none,grid,0.9186748375800581,0.5003774297037177,1.0,0.0007548594074353652,1.0,0.0015085800490288515,0.8214068491848392,0.28770784069250316,0.06541547254153342,0.2281908135256105,0.00496783467196179,4,59810,0,5295,0.68,65109,5299,0.08138659785897495
catboost_native_tuned,no_temporal_proxies,none,grid,0.9186594787202998,0.5002830722777882,1.0,0.0005661445555765239,1.0,0.001131648434552999,0.8214068491848392,0.28770784069250316,0.06541547254153342,0.2281908135256105,0.00496783467196179,3,59810,0,5296,0.6900000000000001,65109,5299,0.08138659785897495
catboost_native_tuned,no_temporal_proxies,none,grid,0.9186441198605415,0.5001887148518589,1.0,0.0003774297037176826,1.0,0.0007545746085644218,0.8214068491848392,0.28770784069250316,0.06541547254153342,0.2281908135256105,0.00496783467196179,2,59810,0,5297,0.7000000000000001,65109,5299,0.08138659785897495
catboost_native_tuned,no_temporal_proxies,none,grid,0.9186287610007833,0.5000943574259294,1.0,0.0001887148518588413,1.0,0.0003773584905660377,0.8214068491848392,0.28770784069250316,0.06541547254153342,0.2281908135256105,0.00496783467196179,1,59810,0,5298,0.7100000000000001,65109,5299,0.08138659785897495
catboost_native_tuned,no_temporal_proxies,none,grid,0.9186287610007833,0.5000943574259294,1.0,0.0001887148518588413,1.0,0.0003773584905660377,0.8214068491848392,0.28770784069250316,0.06541547254153342,0.2281908135256105,0.00496783467196179,1,59810,0,5298,0.72,65109,5299,0.08138659785897495
catboost_native_tuned,no_temporal_proxies,none,grid,0.9186287610007833,0.5000943574259294,1.0,0.0001887148518588413,1.0,0.0003773584905660377,0.8214068491848392,0.28770784069250316,0.06541547254153342,0.2281908135256105,0.00496783467196179,1,59810,0,5298,0.73,65109,5299,0.08138659785897495
catboost_native_tuned,no_temporal_proxies,none,grid,0.9186287610007833,0.5000943574259294,1.0,0.0001887148518588413,1.0,0.0003773584905660377,0.8214068491848392,0.28770784069250316,0.06541547254153342,0.2281908135256105,0.00496783467196179,1,59810,0,5298,0.74,65109,5299,0.08138659785897495
catboost_native_tuned,no_temporal_proxies,none,grid,0.918613402141025,0.5,0.0,0.0,1.0,0.0,0.8214068491848392,0.28770784069250316,0.06541547254153342,0.2281908135256105,0.00496783467196179,0,59810,0,5299,0.75,65109,5299,0.08138659785897495
catboost_native_tuned,no_temporal_proxies,none,grid,0.918613402141025,0.5,0.0,0.0,1.0,0.0,0.8214068491848392,0.28770784069250316,0.06541547254153342,0.2281908135256105,0.00496783467196179,0,59810,0,5299,0.76,65109,5299,0.08138659785897495
catboost_native_tuned,no_temporal_proxies,none,grid,0.918613402141025,0.5,0.0,0.0,1.0,0.0,0.8214068491848392,0.28770784069250316,0.06541547254153342,0.2281908135256105,0.00496783467196179,0,59810,0,5299,0.77,65109,5299,0.08138659785897495
catboost_native_tuned,no_temporal_proxies,none,grid,0.918613402141025,0.5,0.0,0.0,1.0,0.0,0.8214068491848392,0.28770784069250316,0.06541547254153342,0.2281908135256105,0.00496783467196179,0,59810,0,5299,0.78,65109,5299,0.08138659785897495
catboost_native_tuned,no_temporal_proxies,none,grid,0.918613402141025,0.5,0.0,0.0,1.0,0.0,0.8214068491848392,0.28770784069250316,0.06541547254153342,0.2281908135256105,0.00496783467196179,0,59810,0,5299,0.79,65109,5299,0.08138659785897495
catboost_native_tuned,no_temporal_proxies,none,grid,0.918613402141025,0.5,0.0,0.0,1.0,0.0,0.8214068491848392,0.28770784069250316,0.06541547254153342,0.2281908135256105,0.00496783467196179,0,59810,0,5299,0.8,65109,5299,0.08138659785897495
catboost_native_tuned,no_temporal_proxies,none,grid,0.918613402141025,0.5,0.0,0.0,1.0,0.0,0.8214068491848392,0.28770784069250316,0.06541547254153342,0.2281908135256105,0.00496783467196179,0,59810,0,5299,0.81,65109,5299,0.08138659785897495
catboost_native_tuned,no_temporal_proxies,none,grid,0.918613402141025,0.5,0.0,0.0,1.0,0.0,0.8214068491848392,0.28770784069250316,0.06541547254153342,0.2281908135256105,0.00496783467196179,0,59810,0,5299,0.8200000000000001,65109,5299,0.08138659785897495
catboost_native_tuned,no_temporal_proxies,none,grid,0.918613402141025,0.5,0.0,0.0,1.0,0.0,0.8214068491848392,0.28770784069250316,0.06541547254153342,0.2281908135256105,0.00496783467196179,0,59810,0,5299,0.8300000000000001,65109,5299,0.08138659785897495
catboost_native_tuned,no_temporal_proxies,none,grid,0.918613402141025,0.5,0.0,0.0,1.0,0.0,0.8214068491848392,0.28770784069250316,0.06541547254153342,0.2281908135256105,0.00496783467196179,0,59810,0,5299,0.8400000000000001,65109,5299,0.08138659785897495
catboost_native_tuned,no_temporal_proxies,none,grid,0.918613402141025,0.5,0.0,0.0,1.0,0.0,0.8214068491848392,0.28770784069250316,0.06541547254153342,0.2281908135256105,0.00496783467196179,0,59810,0,5299,0.85,65109,5299,0.08138659785897495
catboost_native_tuned,no_temporal_proxies,none,grid,0.918613402141025,0.5,0.0,0.0,1.0,0.0,0.8214068491848392,0.28770784069250316,0.06541547254153342,0.2281908135256105,0.00496783467196179,0,59810,0,5299,0.86,65109,5299,0.08138659785897495
catboost_native_tuned,no_temporal_proxies,none,grid,0.918613402141025,0.5,0.0,0.0,1.0,0.0,0.8214068491848392,0.28770784069250316,0.06541547254153342,0.2281908135256105,0.00496783467196179,0,59810,0,5299,0.87,65109,5299,0.08138659785897495
catboost_native_tuned,no_temporal_proxies,none,grid,0.918613402141025,0.5,0.0,0.0,1.0,0.0,0.8214068491848392,0.28770784069250316,0.06541547254153342,0.2281908135256105,0.00496783467196179,0,59810,0,5299,0.88,65109,5299,0.08138659785897495
catboost_native_tuned,no_temporal_proxies,none,grid,0.918613402141025,0.5,0.0,0.0,1.0,0.0,0.8214068491848392,0.28770784069250316,0.06541547254153342,0.2281908135256105,0.00496783467196179,0,59810,0,5299,0.89,65109,5299,0.08138659785897495
catboost_native_tuned,no_temporal_proxies,none,grid,0.918613402141025,0.5,0.0,0.0,1.0,0.0,0.8214068491848392,0.28770784069250316,0.06541547254153342,0.2281908135256105,0.00496783467196179,0,59810,0,5299,0.9,65109,5299,0.08138659785897495
catboost_native_tuned,no_temporal_proxies,none,grid,0.918613402141025,0.5,0.0,0.0,1.0,0.0,0.8214068491848392,0.28770784069250316,0.06541547254153342,0.2281908135256105,0.00496783467196179,0,59810,0,5299,0.91,65109,5299,0.08138659785897495
catboost_native_tuned,no_temporal_proxies,none,grid,0.918613402141025,0.5,0.0,0.0,1.0,0.0,0.8214068491848392,0.28770784069250316,0.06541547254153342,0.2281908135256105,0.00496783467196179,0,59810,0,5299,0.92,65109,5299,0.08138659785897495
catboost_native_tuned,no_temporal_proxies,none,grid,0.918613402141025,0.5,0.0,0.0,1.0,0.0,0.8214068491848392,0.28770784069250316,0.06541547254153342,0.2281908135256105,0.00496783467196179,0,59810,0,5299,0.93,65109,5299,0.08138659785897495
catboost_native_tuned,no_temporal_proxies,none,grid,0.918613402141025,0.5,0.0,0.0,1.0,0.0,0.8214068491848392,0.28770784069250316,0.06541547254153342,0.2281908135256105,0.00496783467196179,0,59810,0,5299,0.9400000000000001,65109,5299,0.08138659785897495
catboost_native_tuned,no_temporal_proxies,none,grid,0.918613402141025,0.5,0.0,0.0,1.0,0.0,0.8214068491848392,0.28770784069250316,0.06541547254153342,0.2281908135256105,0.00496783467196179,0,59810,0,5299,0.9500000000000001,65109,5299,0.08138659785897495
catboost_native_tuned,no_temporal_proxies,none,grid,0.918613402141025,0.5,0.0,0.0,1.0,0.0,0.8214068491848392,0.28770784069250316,0.06541547254153342,0.2281908135256105,0.00496783467196179,0,59810,0,5299,0.9600000000000001,65109,5299,0.08138659785897495
catboost_native_tuned,no_temporal_proxies,none,grid,0.918613402141025,0.5,0.0,0.0,1.0,0.0,0.8214068491848392,0.28770784069250316,0.06541547254153342,0.2281908135256105,0.00496783467196179,0,59810,0,5299,0.97,65109,5299,0.08138659785897495
catboost_native_tuned,no_temporal_proxies,none,grid,0.918613402141025,0.5,0.0,0.0,1.0,0.0,0.8214068491848392,0.28770784069250316,0.06541547254153342,0.2281908135256105,0.00496783467196179,0,59810,0,5299,0.98,65109,5299,0.08138659785897495
catboost_native_tuned,no_temporal_proxies,none,grid,0.918613402141025,0.5,0.0,0.0,1.0,0.0,0.8214068491848392,0.28770784069250316,0.06541547254153342,0.2281908135256105,0.00496783467196179,0,59810,0,5299,0.99,65109,5299,0.08138659785897495
catboost_native_tuned,no_temporal_proxies,none,default_0.50,0.9188591438971571,0.5136353832175166,0.5268456375838926,0.029628231741838082,0.9976425346931951,0.05610148293728783,0.8214068491848392,0.28770784069250316,0.06541547254153342,0.2281908135256105,0.00496783467196179,157,59669,141,5142,0.5,65109,5299,0.08138659785897495
catboost_native_tuned,no_temporal_proxies,none,maximum_validation_F1,0.8557803068700179,0.6875878951018036,0.27884095577900314,0.4866956029439517,0.8884801872596556,0.35455045367060767,0.8214068491848392,0.28770784069250316,0.06541547254153342,0.2281908135256105,0.00496783467196179,2579,53140,6670,2720,0.19252232984810913,65109,5299,0.08138659785897495
catboost_native_tuned,no_temporal_proxies,none,maximum_Youden_J,0.6936982598411894,0.7480567465969721,0.18521066208082546,0.8129835818078883,0.6831299113860558,0.3016912356875241,0.8214068491848392,0.28770784069250316,0.06541547254153342,0.2281908135256105,0.00496783467196179,4308,40858,18952,991,0.08050683340904528,65109,5299,0.08138659785897495
catboost_native_tuned,no_temporal_proxies,none,approximately_80pct_recall,0.702099556128953,0.7466957247361818,0.18777408637873755,0.7999622570296282,0.6934291924427354,0.3041544091267848,0.8214068491848392,0.28770784069250316,0.06541547254153342,0.2281908135256105,0.00496783467196179,4239,41474,18336,1060,0.08407400304624763,65109,5299,0.08138659785897495
catboost_native_tuned,no_temporal_proxies,none,approximately_90pct_recall,0.5861094472346373,0.7291412079624731,0.15291627921890533,0.8999811285148142,0.5583012874101321,0.2614153373896837,0.8214068491848392,0.28770784069250316,0.06541547254153342,0.2281908135256105,0.00496783467196179,4769,33392,26418,530,0.047287100240403536,65109,5299,0.08138659785897495
